customer_id,first_name,last_name,email,phone,join_date,country
C0000,Mary,Smith,user0@gmail.com,08123456789,2023-04-25,Nigeria
C0001,Mary,Ali,user1@gmail.com,08031234567,2023-02-17,Nigeria
C0002,John,Ali,user2@gmail,,2023/12/26,NG
C0003,Grace,Williams,user3@gmail.com,08031234567,2023/03/23,NG
C0004,Esther,Ola,user4@gmail,07012345678,2023-02-22,NG
C0005,Mary,Ola,user5@gmail.com,8123456789,2023-05-16,NG
C0006,Mary,Williams,user6@gmail,07012345678,2023/11/18,NG
C0007,Grace,,user7@gmail,,27-04-2023,Nigeria
C0008,Grace,,user8@gmail,07012345678,2023/08/21,NG
C0009,Ahmed,Ola,user9@gmail.com,,2023/05/17,Nigeria
C0010,Ahmed,Ali,user10@gmail.com,08123456789,25-08-2023,NG
C0011,Grace,,user11@gmail.com,08031234567,2023-04-28,NG
C0012,,Ola,user12@gmail,8123456789,2023-06-11,NG
C0013,,,user13@gmail.com,07012345678,2023-03-13,NG
C0014,,Ali,user14@gmail.com,08123456789,2023/03/12,NG
C0015,Mary,,user15@gmail,08031234567,2023/03/20,Nigeria
C0016,,Ali,user16@gmail,0803-123-4567,02-11-2023,NG
C0017,John,,user17@gmail.com,,02-10-2023,NG
C0018,Mary,Ola,user18@gmail.com,0803-123-4567,2023/01/02,NG
C0019,Ahmed,Ali,user19@gmail.com,,2023/06/02,Nigeria
C0020,Ahmed,Ola,user20@gmail.com,8123456789,2023-09-29,NG
C0021,,Smith,user21@gmail,07012345678,2023-06-07,Nigeria
C0022,Grace,Ali,user22@gmail.com,08031234567,2023-09-06,Nigeria
C0023,Ahmed,,user23@gmail.com,8123456789,26-03-2023,NG
C0024,Grace,Ali,user24@gmail.com,,2023/04/13,NG
C0025,,,user25@gmail.com,0803-123-4567,22-09-2023,Nigeria
C0026,Grace,Khan,user26@gmail,08031234567,2023/10/29,Nigeria
C0027,Grace,Smith,user27@gmail,,2023-01-31,Nigeria
C0028,John,,user28@gmail.com,8123456789,02-05-2023,NG
C0029,Grace,Ali,user29@gmail,8123456789,23-10-2023,Nigeria
C0030,,,user30@gmail.com,08031234567,2023/02/19,NG
C0031,Esther,Williams,user31@gmail.com,,2023/01/28,Nigeria
C0032,John,Williams,user32@gmail.com,08031234567,2023-05-08,Nigeria
C0033,,Khan,user33@gmail.com,07012345678,2023-08-25,Nigeria
C0034,,,user34@gmail.com,8123456789,2023-02-20,Nigeria
C0035,Mary,,user35@gmail.com,08123456789,28-07-2023,NG
C0036,Grace,,user36@gmail.com,08031234567,26-03-2023,Nigeria
C0037,,Ola,user37@gmail.com,0803-123-4567,27-05-2023,NG
C0038,Ahmed,Khan,user38@gmail.com,08031234567,2023/10/24,Nigeria
C0039,Esther,Smith,user39@gmail,0803-123-4567,2023/09/15,Nigeria
C0040,John,Ali,user40@gmail,08123456789,2023/02/05,Nigeria
C0041,Grace,Williams,user41@gmail,8123456789,2023/05/07,Nigeria
C0042,Mary,Williams,user42@gmail.com,8123456789,25-09-2023,NG
C0043,Grace,,user43@gmail.com,08123456789,16-05-2023,Nigeria
C0044,David,Williams,user44@gmail.com,08031234567,05-01-2023,Nigeria
C0045,Mary,Ali,user45@gmail.com,07012345678,09-03-2023,Nigeria
C0046,Grace,Ola,user46@gmail.com,0803-123-4567,2023/10/06,NG
C0047,John,,user47@gmail.com,07012345678,2023-12-06,Nigeria
C0048,David,Smith,user48@gmail.com,,2023-10-11,NG
C0049,David,Ali,user49@gmail.com,07012345678,2023/04/15,NG
C0050,,Ola,user50@gmail.com,08031234567,2023/02/17,NG
C0051,David,Smith,user51@gmail,08123456789,23-11-2023,Nigeria
C0052,,Ali,user52@gmail.com,8123456789,2023-01-05,Nigeria
C0053,Ahmed,Ali,user53@gmail,07012345678,2023/10/26,Nigeria
C0054,,Khan,user54@gmail,07012345678,21-01-2023,Nigeria
C0055,Grace,,user55@gmail,8123456789,2023/07/28,Nigeria
C0056,Grace,,user56@gmail,08123456789,2023-07-31,Nigeria
C0057,Esther,,user57@gmail.com,,08-05-2023,Nigeria
C0058,Mary,Williams,user58@gmail.com,0803-123-4567,2023-04-24,NG
C0059,Esther,Ola,user59@gmail.com,08123456789,2023-04-25,Nigeria
C0060,,Ola,user60@gmail.com,08031234567,23-05-2023,NG
C0061,Esther,Smith,user61@gmail,07012345678,2023/04/02,NG
C0062,John,Smith,user62@gmail.com,07012345678,10-06-2023,Nigeria
C0063,,Ali,user63@gmail,08031234567,29-12-2023,Nigeria
C0064,Grace,Ola,user64@gmail.com,,2023/06/19,NG
C0065,Mary,,user65@gmail.com,8123456789,2023/06/08,NG
C0066,Esther,Williams,user66@gmail.com,8123456789,2023-03-07,NG
C0067,,,user67@gmail.com,08123456789,2023/11/12,NG
C0068,,Ali,user68@gmail.com,07012345678,2023-05-27,NG
C0069,Esther,Williams,user69@gmail.com,,2023/04/20,NG
C0070,Ahmed,,user70@gmail,8123456789,2023/12/06,NG
C0071,Mary,,user71@gmail.com,08123456789,11-12-2023,Nigeria
C0072,Grace,Khan,user72@gmail,08123456789,2023/09/01,Nigeria
C0073,,Williams,user73@gmail.com,8123456789,2023/04/10,NG
C0074,,Williams,user74@gmail.com,,2023-12-19,Nigeria
C0075,,Khan,user75@gmail,,23-09-2023,Nigeria
C0076,Grace,,user76@gmail,08123456789,2023/08/26,NG
C0077,,Ali,user77@gmail.com,8123456789,2023/08/07,NG
C0078,Ahmed,,user78@gmail.com,0803-123-4567,2023-05-13,NG
C0079,,,user79@gmail.com,0803-123-4567,2023/02/09,NG
C0080,Grace,Ola,user80@gmail.com,8123456789,2023-02-11,Nigeria
C0081,Grace,Williams,user81@gmail.com,,2023-04-20,NG
C0082,,Ola,user82@gmail.com,0803-123-4567,2023-02-01,NG
C0083,,,user83@gmail.com,,2023/01/11,NG
C0084,,Smith,user84@gmail.com,07012345678,19-07-2023,Nigeria
C0085,,Khan,user85@gmail.com,0803-123-4567,15-01-2023,NG
C0086,,,user86@gmail,0803-123-4567,2023/03/07,Nigeria
C0087,,Ali,user87@gmail.com,08031234567,2023/02/12,NG
C0088,Ahmed,,user88@gmail.com,08031234567,14-05-2023,NG
C0089,Grace,Williams,user89@gmail.com,0803-123-4567,23-05-2023,NG
C0090,Mary,Williams,user90@gmail,8123456789,27-01-2023,Nigeria
C0091,Mary,,user91@gmail.com,08031234567,2023-01-16,Nigeria
C0092,John,Ali,user92@gmail,08123456789,2023/08/31,Nigeria
C0093,Grace,Williams,user93@gmail.com,07012345678,2023/03/27,Nigeria
C0094,Ahmed,Ola,user94@gmail,08031234567,2023/06/09,NG
C0095,,,user95@gmail,8123456789,2023/12/20,Nigeria
C0096,Mary,,user96@gmail.com,,2023-11-04,Nigeria
C0097,Esther,Ali,user97@gmail.com,07012345678,2023/02/05,NG
C0098,John,,user98@gmail.com,0803-123-4567,24-02-2023,NG
C0099,,,user99@gmail,08123456789,2023/09/25,NG
C0100,,Williams,user100@gmail.com,,31-10-2023,NG
C0101,Grace,,user101@gmail.com,07012345678,2023-08-19,NG
C0102,,Ola,user102@gmail,07012345678,04-04-2023,Nigeria
C0103,Esther,,user103@gmail.com,07012345678,2023/11/02,NG
C0104,John,Ali,user104@gmail.com,08031234567,2023/05/04,NG
C0105,,Ali,user105@gmail.com,,2023/09/01,NG
C0106,,,user106@gmail,07012345678,24-04-2023,Nigeria
C0107,David,,user107@gmail.com,0803-123-4567,2023/10/11,NG
C0108,,,user108@gmail.com,07012345678,26-12-2023,NG
C0109,David,Ola,user109@gmail.com,,09-04-2023,Nigeria
C0110,Ahmed,Khan,user110@gmail.com,0803-123-4567,2023/05/22,NG
C0111,Mary,,user111@gmail,08123456789,2023-07-04,NG
C0112,John,,user112@gmail.com,07012345678,2023-01-24,NG
C0113,Ahmed,,user113@gmail.com,0803-123-4567,2023-02-22,NG
C0114,,Williams,user114@gmail.com,08123456789,27-01-2023,NG
C0115,Mary,,user115@gmail,0803-123-4567,2023/02/07,Nigeria
C0116,Ahmed,Khan,user116@gmail.com,07012345678,2023-02-13,Nigeria
C0117,,Ali,user117@gmail.com,8123456789,2023/04/26,NG
C0118,,Williams,user118@gmail.com,8123456789,08-08-2023,Nigeria
C0119,Mary,,user119@gmail.com,08123456789,2023/05/16,Nigeria
C0120,Ahmed,Khan,user120@gmail,08031234567,2023-03-22,NG
C0121,,,user121@gmail.com,07012345678,2023-01-17,NG
C0122,David,,user122@gmail.com,08031234567,2023-12-18,NG
C0123,Grace,Williams,user123@gmail,08123456789,2023-11-28,NG
C0124,Ahmed,Smith,user124@gmail,07012345678,2023/11/01,NG
C0125,,Smith,user125@gmail.com,07012345678,25-12-2023,NG
C0126,,Williams,user126@gmail,08031234567,2023/08/10,NG
C0127,David,Smith,user127@gmail,,2023/10/22,Nigeria
C0128,David,Ali,user128@gmail,08123456789,2023/08/29,NG
C0129,David,Khan,user129@gmail.com,0803-123-4567,22-11-2023,Nigeria
C0130,,Ola,user130@gmail.com,07012345678,2023-12-10,Nigeria
C0131,Esther,Williams,user131@gmail.com,07012345678,06-12-2023,Nigeria
C0132,,Smith,user132@gmail.com,07012345678,01-03-2023,Nigeria
C0133,,Williams,user133@gmail,8123456789,2023/07/05,NG
C0134,,,user134@gmail,07012345678,2023-10-09,NG
C0135,,,user135@gmail.com,08031234567,2023/11/19,Nigeria
C0136,Ahmed,Ola,user136@gmail.com,8123456789,2023-07-28,Nigeria
C0137,Mary,Williams,user137@gmail.com,,20-03-2023,NG
C0138,David,Williams,user138@gmail.com,0803-123-4567,05-05-2023,Nigeria
C0139,,Khan,user139@gmail.com,8123456789,2023-03-11,NG
C0140,,Ola,user140@gmail.com,8123456789,2023-05-17,NG
C0141,David,,user141@gmail.com,,2023-09-08,NG
C0142,,Ola,user142@gmail.com,8123456789,13-07-2023,NG
C0143,Grace,,user143@gmail.com,0803-123-4567,30-04-2023,Nigeria
C0144,Esther,,user144@gmail.com,0803-123-4567,2023/07/17,Nigeria
C0145,,Smith,user145@gmail,8123456789,2023-06-19,NG
C0146,Mary,Ali,user146@gmail.com,08031234567,15-03-2023,Nigeria
C0147,Mary,Williams,user147@gmail.com,07012345678,2023/06/23,NG
C0148,Mary,,user148@gmail.com,,01-10-2023,NG
C0149,,,user149@gmail.com,8123456789,2023-02-05,NG
C0150,Grace,,user150@gmail,08031234567,2023/11/21,Nigeria
C0151,,Khan,user151@gmail.com,08031234567,24-01-2023,Nigeria
C0152,David,Ola,user152@gmail.com,08123456789,2023/05/06,NG
C0153,Ahmed,Khan,user153@gmail,8123456789,2023/07/15,Nigeria
C0154,,Ali,user154@gmail,0803-123-4567,23-11-2023,NG
C0155,David,,user155@gmail,0803-123-4567,2023/05/28,Nigeria
C0156,Mary,Williams,user156@gmail.com,8123456789,2023/06/03,NG
C0157,David,Williams,user157@gmail.com,08123456789,16-07-2023,Nigeria
C0158,Grace,Williams,user158@gmail.com,8123456789,2023/06/01,NG
C0159,John,,user159@gmail.com,07012345678,2023/01/05,Nigeria
C0160,,,user160@gmail.com,07012345678,2023/04/28,NG
C0161,Grace,,user161@gmail,07012345678,2023/12/14,Nigeria
C0162,Mary,,user162@gmail.com,07012345678,2023-08-14,NG
C0163,Ahmed,Smith,user163@gmail.com,07012345678,2023-08-01,Nigeria
C0164,Ahmed,,user164@gmail.com,07012345678,2023/09/29,NG
C0165,Ahmed,Ola,user165@gmail.com,0803-123-4567,2023/06/01,NG
C0166,Mary,Williams,user166@gmail.com,08123456789,2023/04/26,NG
C0167,Esther,Smith,user167@gmail.com,08031234567,2023/05/16,Nigeria
C0168,,Ola,user168@gmail.com,,2023/05/15,NG
C0169,Esther,Smith,user169@gmail.com,0803-123-4567,2023/01/13,NG
C0170,Grace,,user170@gmail,0803-123-4567,25-12-2023,NG
C0171,Mary,Khan,user171@gmail,08031234567,05-06-2023,Nigeria
C0172,Mary,Khan,user172@gmail.com,08123456789,18-07-2023,NG
C0173,,Ali,user173@gmail.com,08123456789,2023/08/01,Nigeria
C0174,,Ali,user174@gmail.com,07012345678,2023/01/17,NG
C0175,Grace,Williams,user175@gmail.com,08123456789,2023-07-05,NG
C0176,Esther,Smith,user176@gmail.com,08123456789,04-03-2023,Nigeria
C0177,Grace,,user177@gmail.com,08031234567,26-01-2023,Nigeria
C0178,Ahmed,,user178@gmail.com,08031234567,2023-10-11,Nigeria
C0179,Grace,Ola,user179@gmail.com,8123456789,02-01-2023,Nigeria
C0180,Ahmed,Ali,user180@gmail.com,08123456789,2023/02/26,Nigeria
C0181,Ahmed,Smith,user181@gmail.com,08123456789,29-10-2023,Nigeria
C0182,Ahmed,Ola,user182@gmail,,2023/08/04,Nigeria
C0183,Mary,Williams,user183@gmail.com,07012345678,2023/09/20,Nigeria
C0184,,Ali,user184@gmail.com,8123456789,2023/01/23,NG
C0185,,,user185@gmail.com,08031234567,03-09-2023,NG
C0186,Mary,Williams,user186@gmail.com,0803-123-4567,2023-02-07,NG
C0187,Ahmed,Smith,user187@gmail,8123456789,2023/11/21,NG
C0188,,Ali,user188@gmail.com,0803-123-4567,2023/09/16,NG
C0189,Mary,,user189@gmail.com,,2023/11/30,Nigeria
C0190,,Williams,user190@gmail.com,0803-123-4567,23-06-2023,NG
C0191,,,user191@gmail,0803-123-4567,2023/06/10,NG
C0192,Esther,Khan,user192@gmail.com,0803-123-4567,2023-02-04,Nigeria
C0193,Mary,Williams,user193@gmail,,2023-07-10,Nigeria
C0194,Esther,,user194@gmail,07012345678,07-12-2023,Nigeria
C0195,David,Ali,user195@gmail.com,08031234567,2023/10/23,Nigeria
C0196,Ahmed,,user196@gmail.com,08031234567,2023/06/29,NG
C0197,Mary,,user197@gmail.com,08123456789,2023/08/08,Nigeria
C0198,David,Smith,user198@gmail,,08-06-2023,NG
C0199,John,Khan,user199@gmail.com,8123456789,03-12-2023,Nigeria
C0200,Ahmed,,user200@gmail.com,08031234567,2023/02/16,Nigeria
C0201,,Williams,user201@gmail.com,08123456789,09-07-2023,NG
C0202,Mary,Smith,user202@gmail,8123456789,2023/01/26,Nigeria
C0203,David,Williams,user203@gmail.com,0803-123-4567,07-11-2023,NG
C0204,David,Khan,user204@gmail.com,08031234567,26-06-2023,Nigeria
C0205,David,,user205@gmail.com,0803-123-4567,2023/09/27,NG
C0206,John,Khan,user206@gmail.com,8123456789,2023-01-29,Nigeria
C0207,David,Khan,user207@gmail.com,07012345678,29-05-2023,Nigeria
C0208,John,Williams,user208@gmail.com,08123456789,08-03-2023,Nigeria
C0209,Esther,Smith,user209@gmail.com,,22-01-2023,Nigeria
C0210,,Smith,user210@gmail.com,8123456789,2023/08/08,NG
C0211,,Ola,user211@gmail,08031234567,2023-06-16,NG
C0212,Esther,Smith,user212@gmail.com,08031234567,05-05-2023,NG
C0213,Mary,Williams,user213@gmail.com,,2023-06-23,NG
C0214,Ahmed,Smith,user214@gmail.com,08031234567,2023/09/29,Nigeria
C0215,Esther,Ola,user215@gmail.com,,2023-03-17,Nigeria
C0216,Ahmed,Ola,user216@gmail,8123456789,2023/03/20,Nigeria
C0217,Ahmed,,user217@gmail.com,0803-123-4567,2023/10/16,NG
C0218,Esther,,user218@gmail.com,07012345678,19-03-2023,Nigeria
C0219,,Williams,user219@gmail.com,07012345678,2023-10-30,NG
C0220,Mary,Ola,user220@gmail.com,08031234567,30-01-2023,NG
C0221,Mary,,user221@gmail.com,08031234567,2023/11/11,NG
C0222,,Ali,user222@gmail.com,,22-01-2023,Nigeria
C0223,Esther,Ali,user223@gmail.com,08123456789,01-02-2023,Nigeria
C0224,Esther,,user224@gmail,,2023-03-30,Nigeria
C0225,,Williams,user225@gmail.com,8123456789,23-03-2023,NG
C0226,David,Williams,user226@gmail.com,07012345678,2023/12/14,Nigeria
C0227,Esther,Smith,user227@gmail.com,8123456789,14-12-2023,NG
C0228,David,,user228@gmail.com,8123456789,18-03-2023,Nigeria
C0229,Ahmed,Ola,user229@gmail.com,,2023/12/24,NG
C0230,Ahmed,Ali,user230@gmail.com,08031234567,2023/06/08,NG
C0231,Esther,,user231@gmail,,2023/12/17,Nigeria
C0232,,Ali,user232@gmail.com,07012345678,2023-06-08,Nigeria
C0233,Esther,,user233@gmail.com,08123456789,2023-03-12,Nigeria
C0234,David,,user234@gmail.com,8123456789,2023/10/04,Nigeria
C0235,Esther,,user235@gmail.com,8123456789,2023-07-12,Nigeria
C0236,Ahmed,,user236@gmail.com,8123456789,2023/03/26,NG
C0237,John,Williams,user237@gmail.com,,02-05-2023,NG
C0238,,Khan,user238@gmail.com,07012345678,2023-08-29,NG
C0239,,Williams,user239@gmail.com,0803-123-4567,2023/09/15,NG
C0240,Ahmed,,user240@gmail,8123456789,12-03-2023,Nigeria
C0241,,,user241@gmail.com,08031234567,2023/12/31,Nigeria
C0242,David,Smith,user242@gmail.com,07012345678,2023/08/19,Nigeria
C0243,,Smith,user243@gmail.com,08123456789,19-08-2023,Nigeria
C0244,,Smith,user244@gmail.com,07012345678,01-05-2023,Nigeria
C0245,Esther,Khan,user245@gmail,08031234567,29-11-2023,Nigeria
C0246,Ahmed,Smith,user246@gmail.com,0803-123-4567,2023-12-23,NG
C0247,,Ali,user247@gmail,08031234567,10-01-2023,Nigeria
C0248,Ahmed,Ali,user248@gmail.com,8123456789,28-09-2023,Nigeria
C0249,David,Khan,user249@gmail.com,08031234567,03-05-2023,NG
C0250,Mary,Smith,user250@gmail.com,0803-123-4567,2023/11/02,Nigeria
C0251,Grace,,user251@gmail,0803-123-4567,2023/01/01,NG
C0252,Grace,Ali,user252@gmail.com,,2023-12-09,NG
C0253,Mary,Ali,user253@gmail.com,8123456789,2023-10-11,NG
C0254,,Smith,user254@gmail.com,07012345678,2023/05/10,Nigeria
C0255,Esther,,user255@gmail,08123456789,2023/12/03,Nigeria
C0256,Esther,Khan,user256@gmail,8123456789,2023/06/23,Nigeria
C0257,,,user257@gmail.com,08123456789,2023-03-11,NG
C0258,John,Ola,user258@gmail.com,08123456789,22-01-2023,NG
C0259,,,user259@gmail.com,07012345678,2023/01/19,Nigeria
C0260,David,Ola,user260@gmail.com,08031234567,02-12-2023,NG
C0261,Mary,,user261@gmail.com,0803-123-4567,14-08-2023,NG
C0262,Ahmed,Williams,user262@gmail.com,07012345678,23-09-2023,Nigeria
C0263,,Smith,user263@gmail.com,08123456789,07-10-2023,NG
C0264,Mary,Smith,user264@gmail.com,07012345678,06-06-2023,NG
C0265,Ahmed,,user265@gmail.com,0803-123-4567,2023/01/22,NG
C0266,,Ola,user266@gmail.com,08031234567,2023/02/08,NG
C0267,Esther,Ali,user267@gmail.com,,2023-03-23,Nigeria
C0268,,Smith,user268@gmail,08123456789,27-11-2023,NG
C0269,,Ali,user269@gmail,08123456789,14-12-2023,NG
C0270,Esther,Williams,user270@gmail.com,8123456789,2023/03/12,NG
C0271,,Ola,user271@gmail.com,08123456789,2023-02-28,Nigeria
C0272,,Ali,user272@gmail.com,8123456789,02-03-2023,NG
C0273,,Khan,user273@gmail.com,07012345678,22-12-2023,Nigeria
C0274,Mary,Khan,user274@gmail.com,0803-123-4567,2023/03/30,NG
C0275,Mary,,user275@gmail.com,07012345678,08-12-2023,Nigeria
C0276,David,Ola,user276@gmail.com,,2023/12/30,Nigeria
C0277,Esther,Ali,user277@gmail.com,08123456789,2023-03-13,NG
C0278,John,Ola,user278@gmail.com,07012345678,2023/08/28,Nigeria
C0279,Mary,Smith,user279@gmail.com,,2023/09/03,NG
C0280,,,user280@gmail.com,08123456789,2023/06/12,Nigeria
C0281,,Williams,user281@gmail.com,07012345678,2023/03/07,Nigeria
C0282,Ahmed,Williams,user282@gmail.com,08031234567,2023/03/05,Nigeria
C0283,David,Khan,user283@gmail,,26-04-2023,NG
C0284,Mary,Ola,user284@gmail,8123456789,2023-05-21,NG
C0285,Mary,Ali,user285@gmail.com,8123456789,2023-10-25,Nigeria
C0286,Esther,,user286@gmail.com,08031234567,2023-01-15,Nigeria
C0287,David,,user287@gmail.com,8123456789,2023/08/02,Nigeria
C0288,,,user288@gmail.com,,04-06-2023,Nigeria
C0289,,Ola,user289@gmail.com,,2023-01-31,NG
C0290,,Williams,user290@gmail.com,07012345678,2023-11-07,NG
C0291,Esther,,user291@gmail.com,07012345678,2023-07-24,NG
C0292,Mary,Ola,user292@gmail.com,08031234567,17-05-2023,Nigeria
C0293,Ahmed,Smith,user293@gmail,0803-123-4567,12-11-2023,Nigeria
C0294,Ahmed,,user294@gmail.com,8123456789,2023-06-10,Nigeria
C0295,,Ali,user295@gmail.com,07012345678,2023-09-12,Nigeria
C0296,,Ali,user296@gmail.com,08123456789,2023/04/21,NG
C0297,John,Smith,user297@gmail.com,8123456789,2023/12/01,NG
C0298,David,Ali,user298@gmail,08031234567,2023-08-09,NG
C0299,Esther,,user299@gmail.com,08031234567,2023-07-25,Nigeria
C0300,Esther,Ali,user300@gmail.com,0803-123-4567,16-09-2023,NG
C0301,Mary,Khan,user301@gmail.com,0803-123-4567,11-07-2023,NG
C0302,Ahmed,Khan,user302@gmail.com,0803-123-4567,2023-09-14,Nigeria
C0303,John,Khan,user303@gmail.com,0803-123-4567,23-09-2023,Nigeria
C0304,Ahmed,Ola,user304@gmail.com,07012345678,25-03-2023,NG
C0305,Esther,Ali,user305@gmail.com,8123456789,2023/09/08,NG
C0306,,,user306@gmail,07012345678,2023-12-11,NG
C0307,David,,user307@gmail.com,,2023-11-19,NG
C0308,David,,user308@gmail.com,8123456789,2023-10-23,Nigeria
C0309,,Khan,user309@gmail.com,,14-11-2023,Nigeria
C0310,Grace,Smith,user310@gmail.com,,2023-02-26,Nigeria
C0311,,Ola,user311@gmail.com,0803-123-4567,2023-12-20,NG
C0312,,,user312@gmail.com,,2023/02/01,Nigeria
C0313,Grace,Ali,user313@gmail.com,,2023/09/02,NG
C0314,Esther,Khan,user314@gmail.com,8123456789,2023/06/25,NG
C0315,David,Ali,user315@gmail.com,08123456789,2023/05/23,NG
C0316,Grace,Ola,user316@gmail.com,,2023/04/17,NG
C0317,Esther,Williams,user317@gmail.com,,21-05-2023,Nigeria
C0318,,Williams,user318@gmail.com,08123456789,2023-05-29,NG
C0319,Mary,Ola,user319@gmail.com,,2023/05/12,NG
C0320,Grace,Khan,user320@gmail.com,07012345678,2023/10/15,NG
C0321,Ahmed,Smith,user321@gmail.com,8123456789,2023-05-03,Nigeria
C0322,Grace,,user322@gmail.com,08031234567,31-07-2023,NG
C0323,Mary,,user323@gmail.com,08031234567,2023-10-09,NG
C0324,,Williams,user324@gmail.com,07012345678,14-06-2023,Nigeria
C0325,Mary,,user325@gmail.com,8123456789,2023-01-20,NG
C0326,Ahmed,Smith,user326@gmail.com,0803-123-4567,2023-09-11,NG
C0327,John,Smith,user327@gmail.com,8123456789,24-02-2023,NG
C0328,,,user328@gmail.com,0803-123-4567,2023/03/10,NG
C0329,David,Khan,user329@gmail.com,07012345678,2023/03/25,NG
C0330,David,,user330@gmail,,22-06-2023,Nigeria
C0331,Ahmed,Ali,user331@gmail.com,0803-123-4567,2023/08/07,NG
C0332,Mary,Williams,user332@gmail.com,08123456789,13-03-2023,NG
C0333,Grace,Smith,user333@gmail.com,08123456789,17-08-2023,NG
C0334,David,Ali,user334@gmail.com,08031234567,2023/05/14,NG
C0335,Grace,Smith,user335@gmail.com,0803-123-4567,2023-06-07,NG
C0336,David,,user336@gmail,07012345678,2023/07/08,Nigeria
C0337,Grace,Khan,user337@gmail.com,0803-123-4567,07-11-2023,NG
C0338,,,user338@gmail.com,,2023-04-22,Nigeria
C0339,,Ali,user339@gmail.com,08031234567,2023-10-16,Nigeria
C0340,Grace,Ali,user340@gmail.com,08123456789,2023/06/17,NG
C0341,Mary,,user341@gmail.com,8123456789,2023-09-08,NG
C0342,John,Williams,user342@gmail,0803-123-4567,2023/08/22,Nigeria
C0343,,,user343@gmail.com,,12-01-2023,NG
C0344,John,,user344@gmail.com,08031234567,24-01-2023,NG
C0345,Mary,Ali,user345@gmail.com,08031234567,2023-08-30,NG
C0346,,Khan,user346@gmail.com,,27-11-2023,NG
C0347,,Williams,user347@gmail.com,0803-123-4567,2023-07-12,Nigeria
C0348,Esther,Smith,user348@gmail,8123456789,2023/07/21,Nigeria
C0349,Grace,,user349@gmail,08031234567,02-06-2023,NG
C0350,,,user350@gmail.com,0803-123-4567,2023-06-27,NG
C0351,Grace,,user351@gmail.com,08031234567,05-12-2023,Nigeria
C0352,Grace,Khan,user352@gmail,8123456789,18-01-2023,Nigeria
C0353,Grace,,user353@gmail,0803-123-4567,2023/04/30,Nigeria
C0354,John,Khan,user354@gmail.com,07012345678,2023/04/30,NG
C0355,Esther,Khan,user355@gmail.com,08123456789,2023/12/05,Nigeria
C0356,,Ola,user356@gmail.com,8123456789,2023/10/30,Nigeria
C0357,,Ali,user357@gmail.com,07012345678,2023/11/26,NG
C0358,Esther,,user358@gmail.com,08123456789,03-06-2023,Nigeria
C0359,,Khan,user359@gmail.com,07012345678,2023-12-29,NG
C0360,John,Ali,user360@gmail.com,0803-123-4567,2023/10/13,Nigeria
C0361,,Khan,user361@gmail.com,07012345678,2023-11-28,NG
C0362,Esther,Smith,user362@gmail.com,08123456789,27-01-2023,NG
C0363,John,,user363@gmail,8123456789,2023/12/10,Nigeria
C0364,,Khan,user364@gmail.com,07012345678,2023-06-05,Nigeria
C0365,Grace,,user365@gmail,0803-123-4567,2023/05/05,Nigeria
C0366,,Khan,user366@gmail.com,07012345678,14-07-2023,NG
C0367,David,Ola,user367@gmail.com,0803-123-4567,2023-08-27,NG
C0368,Esther,Khan,user368@gmail.com,0803-123-4567,2023/01/24,Nigeria
C0369,Ahmed,Smith,user369@gmail.com,8123456789,2023/10/24,NG
C0370,David,Khan,user370@gmail,08123456789,2023/07/14,Nigeria
C0371,,Ali,user371@gmail.com,,22-06-2023,NG
C0372,,Williams,user372@gmail,07012345678,2023-03-28,NG
C0373,Ahmed,Ali,user373@gmail.com,08031234567,2023-09-26,Nigeria
C0374,John,,user374@gmail,08123456789,2023-11-19,Nigeria
C0375,Ahmed,Smith,user375@gmail.com,0803-123-4567,2023-07-11,NG
C0376,,Smith,user376@gmail,8123456789,2023-07-30,Nigeria
C0377,David,Ali,user377@gmail.com,08031234567,2023/09/15,NG
C0378,Ahmed,Smith,user378@gmail.com,8123456789,2023-03-18,Nigeria
C0379,David,,user379@gmail.com,0803-123-4567,10-02-2023,NG
C0380,,Ali,user380@gmail.com,,26-04-2023,Nigeria
C0381,John,Smith,user381@gmail.com,0803-123-4567,10-10-2023,Nigeria
C0382,John,,user382@gmail,0803-123-4567,2023/08/11,NG
C0383,Mary,Ali,user383@gmail.com,08123456789,2023/04/19,NG
C0384,David,Smith,user384@gmail.com,,2023/05/24,Nigeria
C0385,Ahmed,,user385@gmail.com,08123456789,2023-10-28,NG
C0386,Mary,Ola,user386@gmail,08123456789,18-10-2023,NG
C0387,,,user387@gmail.com,,2023/02/10,NG
C0388,John,Smith,user388@gmail.com,08031234567,2023/06/24,NG
C0389,Esther,Smith,user389@gmail.com,0803-123-4567,2023-09-09,NG
C0390,,Williams,user390@gmail,8123456789,05-12-2023,Nigeria
C0391,David,,user391@gmail.com,08031234567,12-02-2023,Nigeria
C0392,,,user392@gmail.com,08123456789,19-07-2023,NG
C0393,Mary,Smith,user393@gmail,07012345678,16-08-2023,NG
C0394,Mary,Khan,user394@gmail,0803-123-4567,2023/08/18,NG
C0395,Mary,Smith,user395@gmail,8123456789,2023/02/17,NG
C0396,,Smith,user396@gmail.com,0803-123-4567,2023/02/13,Nigeria
C0397,Ahmed,,user397@gmail.com,08123456789,18-05-2023,NG
C0398,,Khan,user398@gmail,0803-123-4567,22-05-2023,NG
C0399,,,user399@gmail,07012345678,2023/05/07,NG
C0400,Grace,Williams,user400@gmail,07012345678,04-01-2023,NG
C0401,,,user401@gmail.com,0803-123-4567,21-06-2023,Nigeria
C0402,David,Ola,user402@gmail.com,,13-04-2023,NG
C0403,Ahmed,Williams,user403@gmail.com,07012345678,2023/12/22,NG
C0404,Grace,Ola,user404@gmail.com,0803-123-4567,2023-07-06,Nigeria
C0405,Ahmed,,user405@gmail.com,08031234567,2023/08/25,Nigeria
C0406,,,user406@gmail.com,,05-02-2023,NG
C0407,Ahmed,,user407@gmail.com,07012345678,2023-12-04,NG
C0408,,Smith,user408@gmail.com,8123456789,2023/09/03,NG
C0409,,Ali,user409@gmail,07012345678,2023/12/26,Nigeria
C0410,Mary,,user410@gmail.com,,2023-07-01,Nigeria
C0411,,,user411@gmail.com,0803-123-4567,2023-02-24,Nigeria
C0412,David,Khan,user412@gmail.com,8123456789,2023/10/13,Nigeria
C0413,,Ola,user413@gmail.com,,2023/10/29,Nigeria
C0414,Esther,Smith,user414@gmail.com,07012345678,2023-08-01,Nigeria
C0415,Ahmed,Ola,user415@gmail.com,0803-123-4567,2023/04/16,NG
C0416,Esther,Williams,user416@gmail,,23-12-2023,NG
C0417,Mary,Ola,user417@gmail,,2023-02-28,NG
C0418,Mary,,user418@gmail.com,,2023/05/05,Nigeria
C0419,Ahmed,Ola,user419@gmail.com,0803-123-4567,29-04-2023,Nigeria
C0420,Ahmed,,user420@gmail.com,0803-123-4567,2023/01/15,Nigeria
C0421,,Ali,user421@gmail.com,08031234567,2023-12-27,Nigeria
C0422,David,,user422@gmail.com,08031234567,2023-10-23,Nigeria
C0423,Esther,Ola,user423@gmail,08031234567,2023/05/15,NG
C0424,Esther,Ali,user424@gmail.com,0803-123-4567,2023-10-28,NG
C0425,Esther,,user425@gmail.com,08123456789,2023/12/11,NG
C0426,Mary,,user426@gmail,08031234567,03-05-2023,Nigeria
C0427,Ahmed,Ola,user427@gmail.com,8123456789,18-07-2023,Nigeria
C0428,,Williams,user428@gmail,,2023/10/03,Nigeria
C0429,Ahmed,Williams,user429@gmail.com,08123456789,11-06-2023,Nigeria
C0430,Esther,Smith,user430@gmail.com,08123456789,2023/07/16,NG
C0431,,,user431@gmail.com,,16-08-2023,Nigeria
C0432,Mary,Ali,user432@gmail,08123456789,2023-05-30,NG
C0433,Grace,Ali,user433@gmail.com,0803-123-4567,2023/10/17,NG
C0434,Mary,Ali,user434@gmail,8123456789,2023/07/07,Nigeria
C0435,,Ali,user435@gmail.com,0803-123-4567,2023/02/22,Nigeria
C0436,David,,user436@gmail.com,0803-123-4567,15-05-2023,Nigeria
C0437,,,user437@gmail.com,08123456789,2023/04/18,NG
C0438,,Khan,user438@gmail.com,08123456789,2023-04-16,NG
C0439,David,Ali,user439@gmail.com,07012345678,27-12-2023,NG
C0440,David,,user440@gmail.com,,2023-02-18,NG
C0441,John,Ola,user441@gmail.com,08123456789,2023-12-26,Nigeria
C0442,Ahmed,,user442@gmail.com,08123456789,13-12-2023,NG
C0443,Ahmed,Ali,user443@gmail.com,,01-08-2023,NG
C0444,Mary,,user444@gmail.com,08031234567,2023/07/26,NG
C0445,Esther,Williams,user445@gmail.com,07012345678,2023-10-25,Nigeria
C0446,,,user446@gmail.com,07012345678,2023/02/02,NG
C0447,Grace,Williams,user447@gmail.com,0803-123-4567,18-05-2023,NG
C0448,Esther,Ali,user448@gmail.com,8123456789,06-09-2023,Nigeria
C0449,John,Smith,user449@gmail.com,0803-123-4567,2023-01-09,Nigeria
C0450,,Williams,user450@gmail,0803-123-4567,2023/04/14,Nigeria
C0451,David,Khan,user451@gmail.com,07012345678,2023/02/17,NG
C0452,David,Smith,user452@gmail.com,,2023-03-26,NG
C0453,David,,user453@gmail.com,08123456789,2023/08/08,Nigeria
C0454,Mary,Smith,user454@gmail.com,08031234567,2023/03/09,Nigeria
C0455,,Smith,user455@gmail,07012345678,03-03-2023,Nigeria
C0456,,Smith,user456@gmail.com,08031234567,2023-02-22,NG
C0457,Esther,Ola,user457@gmail,08123456789,2023/11/25,Nigeria
C0458,Mary,Ali,user458@gmail.com,8123456789,2023-11-29,NG
C0459,Esther,,user459@gmail.com,,19-03-2023,NG
C0460,Grace,Smith,user460@gmail.com,08123456789,2023/03/05,NG
C0461,Esther,Williams,user461@gmail.com,08123456789,07-05-2023,Nigeria
C0462,Grace,Ali,user462@gmail.com,,08-11-2023,Nigeria
C0463,David,Khan,user463@gmail.com,8123456789,2023/04/07,NG
C0464,David,,user464@gmail,08123456789,11-09-2023,Nigeria
C0465,Grace,Williams,user465@gmail.com,08031234567,2023-09-28,NG
C0466,Esther,Khan,user466@gmail.com,8123456789,04-08-2023,Nigeria
C0467,,,user467@gmail,8123456789,2023-02-04,NG
C0468,Grace,Smith,user468@gmail.com,0803-123-4567,17-09-2023,NG
C0469,,,user469@gmail.com,,2023/10/02,Nigeria
C0470,David,Smith,user470@gmail.com,8123456789,2023-04-15,NG
C0471,,Ali,user471@gmail.com,,2023/12/15,Nigeria
C0472,David,,user472@gmail.com,08123456789,2023-01-30,Nigeria
C0473,,Smith,user473@gmail.com,8123456789,29-01-2023,Nigeria
C0474,Mary,Smith,user474@gmail.com,,2023-01-06,NG
C0475,Esther,Ali,user475@gmail.com,,2023-05-13,NG
C0476,Ahmed,,user476@gmail.com,07012345678,2023-03-02,NG
C0477,,Ola,user477@gmail.com,07012345678,2023/12/31,Nigeria
C0478,,Williams,user478@gmail.com,08031234567,2023/09/13,Nigeria
C0479,Esther,Khan,user479@gmail.com,08031234567,2023/10/21,Nigeria
C0480,Grace,,user480@gmail.com,08031234567,2023-01-07,Nigeria
C0481,,Ola,user481@gmail.com,08123456789,2023-04-02,NG
C0482,Grace,Ola,user482@gmail.com,,13-06-2023,Nigeria
C0483,Esther,Smith,user483@gmail.com,08031234567,2023-04-02,Nigeria
C0484,,Smith,user484@gmail.com,07012345678,09-06-2023,Nigeria
C0485,,Smith,user485@gmail.com,07012345678,16-10-2023,Nigeria
C0486,,Ola,user486@gmail.com,0803-123-4567,2023/04/11,Nigeria
C0487,Ahmed,Smith,user487@gmail.com,08031234567,2023/04/30,NG
C0488,John,Ola,user488@gmail,,2023/07/12,NG
C0489,Mary,Khan,user489@gmail.com,08123456789,03-08-2023,Nigeria
C0490,Ahmed,,user490@gmail.com,08031234567,2023/04/29,NG
C0491,Esther,Williams,user491@gmail.com,08031234567,2023-10-25,Nigeria
C0492,,Smith,user492@gmail.com,08031234567,2023/08/11,Nigeria
C0493,Grace,Ola,user493@gmail.com,07012345678,2023/07/21,NG
C0494,Esther,Williams,user494@gmail.com,08031234567,2023-04-14,Nigeria
C0495,Ahmed,Smith,user495@gmail,0803-123-4567,10-06-2023,Nigeria
C0496,Esther,,user496@gmail.com,07012345678,26-08-2023,Nigeria
C0497,Mary,Khan,user497@gmail.com,07012345678,2023/12/27,Nigeria
C0498,Grace,,user498@gmail.com,08123456789,2023/02/16,Nigeria
C0499,Esther,Williams,user499@gmail.com,,03-06-2023,Nigeria
C0500,John,Williams,user500@gmail.com,8123456789,2023-10-09,Nigeria
C0501,,Smith,user501@gmail.com,08123456789,2023-03-04,Nigeria
C0502,Grace,Khan,user502@gmail,0803-123-4567,2023/07/10,Nigeria
C0503,David,,user503@gmail,08031234567,2023/04/12,NG
C0504,Ahmed,Smith,user504@gmail.com,07012345678,2023-03-04,NG
C0505,John,Khan,user505@gmail.com,0803-123-4567,22-07-2023,Nigeria
C0506,,,user506@gmail.com,07012345678,2023-04-20,NG
C0507,David,Williams,user507@gmail.com,08031234567,2023/11/11,Nigeria
C0508,David,Williams,user508@gmail.com,8123456789,2023-09-03,Nigeria
C0509,David,Williams,user509@gmail,08123456789,2023/11/26,Nigeria
C0510,John,Williams,user510@gmail.com,07012345678,2023/09/03,NG
C0511,Esther,Ali,user511@gmail.com,0803-123-4567,2023-05-19,Nigeria
C0512,Esther,Ali,user512@gmail.com,07012345678,30-01-2023,NG
C0513,Grace,Khan,user513@gmail,,04-05-2023,Nigeria
C0514,Grace,Ali,user514@gmail.com,0803-123-4567,2023-07-01,Nigeria
C0515,Grace,Ali,user515@gmail.com,,24-12-2023,Nigeria
C0516,Esther,Ali,user516@gmail.com,8123456789,07-04-2023,NG
C0517,Ahmed,Williams,user517@gmail,08031234567,2023/04/30,Nigeria
C0518,John,Ali,user518@gmail.com,07012345678,2023-11-11,Nigeria
C0519,Esther,,user519@gmail,07012345678,2023-01-31,Nigeria
C0520,Ahmed,,user520@gmail,8123456789,2023-07-06,NG
C0521,,Ali,user521@gmail,07012345678,2023-06-15,Nigeria
C0522,,,user522@gmail.com,0803-123-4567,29-11-2023,Nigeria
C0523,Esther,Khan,user523@gmail.com,08123456789,13-07-2023,NG
C0524,Ahmed,Khan,user524@gmail.com,,21-10-2023,Nigeria
C0525,Ahmed,Ali,user525@gmail.com,8123456789,2023/04/24,Nigeria
C0526,,Khan,user526@gmail.com,08031234567,02-05-2023,NG
C0527,Ahmed,,user527@gmail.com,08031234567,2023/12/29,NG
C0528,,Smith,user528@gmail.com,08123456789,2023-12-21,NG
C0529,David,,user529@gmail,08031234567,25-01-2023,NG
C0530,,Khan,user530@gmail.com,0803-123-4567,13-07-2023,NG
C0531,Mary,,user531@gmail.com,8123456789,2023/11/30,Nigeria
C0532,Ahmed,Williams,user532@gmail,08031234567,2023-05-31,NG
C0533,David,Smith,user533@gmail,08123456789,2023-07-12,Nigeria
C0534,Mary,Ola,user534@gmail.com,8123456789,2023/09/05,Nigeria
C0535,,,user535@gmail,0803-123-4567,2023-03-22,Nigeria
C0536,Esther,Khan,user536@gmail.com,0803-123-4567,2023/12/23,NG
C0537,David,Ola,user537@gmail.com,08031234567,2023/07/21,NG
C0538,Ahmed,Smith,user538@gmail.com,0803-123-4567,14-02-2023,NG
C0539,Grace,Smith,user539@gmail,08123456789,23-11-2023,Nigeria
C0540,,,user540@gmail,0803-123-4567,30-08-2023,NG
C0541,Mary,,user541@gmail.com,08123456789,09-07-2023,NG
C0542,Ahmed,Williams,user542@gmail,0803-123-4567,27-08-2023,Nigeria
C0543,David,Ali,user543@gmail,,2023-12-08,Nigeria
C0544,Esther,,user544@gmail.com,8123456789,2023/04/27,Nigeria
C0545,,,user545@gmail.com,8123456789,18-12-2023,Nigeria
C0546,,Ola,user546@gmail,,2023/01/18,Nigeria
C0547,Mary,,user547@gmail.com,08123456789,2023-04-19,Nigeria
C0548,John,Williams,user548@gmail,,2023-08-11,Nigeria
C0549,David,Ola,user549@gmail.com,08031234567,14-02-2023,NG
C0550,Esther,,user550@gmail.com,0803-123-4567,2023/01/07,NG
C0551,Mary,Williams,user551@gmail,8123456789,2023/10/29,Nigeria
C0552,Mary,Ali,user552@gmail.com,07012345678,02-10-2023,NG
C0553,David,Williams,user553@gmail.com,8123456789,08-11-2023,Nigeria
C0554,Ahmed,Ola,user554@gmail.com,8123456789,2023/11/08,NG
C0555,John,Williams,user555@gmail.com,07012345678,2023-12-20,Nigeria
C0556,,Ola,user556@gmail.com,08031234567,22-06-2023,NG
C0557,David,,user557@gmail.com,,2023-12-17,Nigeria
C0558,Ahmed,Ola,user558@gmail.com,0803-123-4567,14-06-2023,NG
C0559,Mary,Khan,user559@gmail.com,0803-123-4567,2023/09/06,NG
C0560,John,Ali,user560@gmail.com,08031234567,2023/06/09,NG
C0561,Ahmed,,user561@gmail.com,8123456789,2023-01-15,Nigeria
C0562,Grace,,user562@gmail,08031234567,2023-08-22,NG
C0563,Grace,Ola,user563@gmail.com,0803-123-4567,16-09-2023,Nigeria
C0564,John,Khan,user564@gmail.com,8123456789,2023-08-17,NG
C0565,Esther,Ola,user565@gmail,07012345678,2023-12-19,NG
C0566,John,Williams,user566@gmail,8123456789,2023-04-20,Nigeria
C0567,Grace,Ola,user567@gmail.com,8123456789,2023/01/11,Nigeria
C0568,,Khan,user568@gmail.com,8123456789,2023-01-05,NG
C0569,David,,user569@gmail.com,,21-05-2023,NG
C0570,Esther,Williams,user570@gmail.com,0803-123-4567,2023/06/04,NG
C0571,Mary,Smith,user571@gmail.com,,2023/07/11,NG
C0572,David,,user572@gmail,08031234567,22-06-2023,NG
C0573,David,Ola,user573@gmail.com,,2023-06-02,Nigeria
C0574,Grace,Smith,user574@gmail.com,8123456789,2023/07/26,NG
C0575,Ahmed,,user575@gmail,0803-123-4567,01-06-2023,NG
C0576,,Williams,user576@gmail.com,8123456789,2023/12/29,Nigeria
C0577,Esther,,user577@gmail.com,,2023/10/01,NG
C0578,Esther,Ali,user578@gmail.com,08123456789,2023/12/03,Nigeria
C0579,David,Smith,user579@gmail.com,,2023/05/13,Nigeria
C0580,Esther,,user580@gmail,07012345678,2023/04/25,NG
C0581,,,user581@gmail.com,07012345678,2023/05/14,NG
C0582,,,user582@gmail,08031234567,2023/11/21,Nigeria
C0583,,Khan,user583@gmail.com,,2023/07/15,NG
C0584,,Smith,user584@gmail.com,08123456789,2023-03-12,NG
C0585,,Ali,user585@gmail.com,0803-123-4567,15-03-2023,Nigeria
C0586,Mary,Williams,user586@gmail.com,08123456789,2023/06/10,Nigeria
C0587,John,Williams,user587@gmail.com,08123456789,2023-10-23,NG
C0588,Mary,Khan,user588@gmail.com,,08-08-2023,NG
C0589,,Williams,user589@gmail,8123456789,2023/04/13,NG
C0590,John,Ola,user590@gmail.com,8123456789,2023-04-08,Nigeria
C0591,Grace,Khan,user591@gmail.com,07012345678,2023-06-09,Nigeria
C0592,,Ali,user592@gmail.com,08123456789,2023-02-03,NG
C0593,David,Williams,user593@gmail.com,8123456789,26-09-2023,NG
C0594,Ahmed,Ola,user594@gmail.com,0803-123-4567,2023-07-03,Nigeria
C0595,,Smith,user595@gmail.com,,2023-03-09,Nigeria
C0596,Ahmed,Smith,user596@gmail.com,,20-01-2023,NG
C0597,John,Ali,user597@gmail.com,,2023/02/25,Nigeria
C0598,John,,user598@gmail,0803-123-4567,2023-07-14,NG
C0599,,,user599@gmail,,2023/12/18,Nigeria
C0600,David,Williams,user600@gmail.com,,24-09-2023,Nigeria
C0601,,,user601@gmail.com,8123456789,2023-11-13,NG
C0602,Mary,,user602@gmail,08123456789,2023-11-08,NG
C0603,Grace,Ola,user603@gmail.com,07012345678,2023-03-24,NG
C0604,Grace,,user604@gmail.com,07012345678,2023-05-01,Nigeria
C0605,Mary,Smith,user605@gmail.com,,2023-09-10,Nigeria
C0606,Mary,,user606@gmail.com,07012345678,2023-11-26,NG
C0607,David,Ola,user607@gmail.com,08031234567,2023-03-31,NG
C0608,Esther,,user608@gmail.com,0803-123-4567,2023-03-01,Nigeria
C0609,John,,user609@gmail,,29-03-2023,NG
C0610,,Ali,user610@gmail.com,,17-02-2023,NG
C0611,Ahmed,Smith,user611@gmail.com,0803-123-4567,20-05-2023,NG
C0612,,,user612@gmail.com,08123456789,2023-02-27,Nigeria
C0613,Ahmed,Smith,user613@gmail.com,8123456789,2023/09/05,NG
C0614,Ahmed,Ali,user614@gmail.com,07012345678,2023-11-10,Nigeria
C0615,,Williams,user615@gmail,0803-123-4567,2023-08-14,Nigeria
C0616,David,,user616@gmail.com,,2023/12/14,Nigeria
C0617,Esther,Ali,user617@gmail.com,,2023-11-13,NG
C0618,Grace,Williams,user618@gmail.com,,25-11-2023,Nigeria
C0619,John,Smith,user619@gmail.com,08123456789,16-09-2023,NG
C0620,Ahmed,Smith,user620@gmail.com,07012345678,04-05-2023,NG
C0621,John,Ali,user621@gmail.com,,13-07-2023,Nigeria
C0622,Mary,Williams,user622@gmail.com,8123456789,2023-08-18,NG
C0623,,Ola,user623@gmail,0803-123-4567,2023-12-01,Nigeria
C0624,,Williams,user624@gmail,8123456789,2023-01-01,NG
C0625,Grace,,user625@gmail.com,07012345678,2023-07-06,Nigeria
C0626,,Ola,user626@gmail.com,8123456789,04-11-2023,NG
C0627,,Smith,user627@gmail,,2023-04-24,NG
C0628,Esther,,user628@gmail.com,07012345678,2023/10/08,NG
C0629,Mary,Smith,user629@gmail.com,0803-123-4567,2023/03/13,NG
C0630,Mary,Ola,user630@gmail.com,08123456789,03-03-2023,Nigeria
C0631,,,user631@gmail.com,,2023-06-23,NG
C0632,John,,user632@gmail.com,8123456789,05-03-2023,NG
C0633,Ahmed,Williams,user633@gmail,,2023/01/25,NG
C0634,,Ali,user634@gmail.com,08123456789,2023/12/21,Nigeria
C0635,Ahmed,Smith,user635@gmail.com,8123456789,07-11-2023,NG
C0636,,Ali,user636@gmail.com,08123456789,21-05-2023,NG
C0637,David,Williams,user637@gmail.com,08123456789,2023/07/31,NG
C0638,Esther,,user638@gmail.com,8123456789,2023-11-20,Nigeria
C0639,Grace,Ali,user639@gmail.com,,2023/06/26,Nigeria
C0640,Ahmed,Ali,user640@gmail.com,,2023/06/15,Nigeria
C0641,Esther,Ali,user641@gmail.com,8123456789,2023/12/08,NG
C0642,David,,user642@gmail.com,08031234567,2023-09-25,Nigeria
C0643,,Khan,user643@gmail,08031234567,13-04-2023,Nigeria
C0644,David,,user644@gmail.com,08031234567,20-12-2023,Nigeria
C0645,John,Ola,user645@gmail.com,08031234567,2023/11/12,Nigeria
C0646,,Khan,user646@gmail.com,,2023/05/28,Nigeria
C0647,,Williams,user647@gmail.com,,2023/06/10,Nigeria
C0648,John,,user648@gmail.com,8123456789,2023-08-15,NG
C0649,Grace,,user649@gmail.com,08123456789,31-05-2023,Nigeria
C0650,Mary,Khan,user650@gmail.com,,2023-09-21,NG
C0651,John,Williams,user651@gmail.com,07012345678,2023-03-08,NG
C0652,John,Ola,user652@gmail.com,08123456789,2023-01-21,NG
C0653,John,,user653@gmail.com,8123456789,05-12-2023,NG
C0654,Esther,Smith,user654@gmail.com,07012345678,2023-09-27,Nigeria
C0655,Mary,,user655@gmail.com,0803-123-4567,2023/10/06,NG
C0656,Mary,Ola,user656@gmail.com,08123456789,06-12-2023,NG
C0657,Esther,Ola,user657@gmail.com,8123456789,29-09-2023,Nigeria
C0658,Mary,,user658@gmail.com,08123456789,2023/11/25,Nigeria
C0659,John,,user659@gmail.com,0803-123-4567,28-02-2023,NG
C0660,David,Smith,user660@gmail.com,07012345678,2023/09/21,NG
C0661,,Smith,user661@gmail.com,,09-04-2023,Nigeria
C0662,Mary,Khan,user662@gmail.com,8123456789,2023-10-01,Nigeria
C0663,Grace,,user663@gmail.com,08123456789,17-12-2023,Nigeria
C0664,Grace,Ali,user664@gmail.com,,2023/08/11,Nigeria
C0665,Ahmed,Smith,user665@gmail.com,07012345678,2023-01-20,Nigeria
C0666,John,Khan,user666@gmail.com,8123456789,2023/02/06,Nigeria
C0667,David,Williams,user667@gmail.com,,27-07-2023,NG
C0668,John,Williams,user668@gmail.com,8123456789,2023/01/04,Nigeria
C0669,John,,user669@gmail.com,07012345678,2023-09-15,NG
C0670,David,Ali,user670@gmail,0803-123-4567,15-07-2023,Nigeria
C0671,,Khan,user671@gmail.com,08123456789,2023/07/20,NG
C0672,Ahmed,Ola,user672@gmail.com,,28-11-2023,Nigeria
C0673,Ahmed,Smith,user673@gmail,8123456789,02-11-2023,Nigeria
C0674,David,Khan,user674@gmail.com,,2023-06-26,NG
C0675,Ahmed,Khan,user675@gmail,8123456789,2023-05-10,Nigeria
C0676,Ahmed,,user676@gmail.com,08031234567,09-10-2023,Nigeria
C0677,David,,user677@gmail,08031234567,2023/04/12,NG
C0678,Esther,Ola,user678@gmail,,2023-05-01,NG
C0679,Mary,Khan,user679@gmail.com,0803-123-4567,2023/06/18,NG
C0680,Ahmed,Ali,user680@gmail.com,07012345678,2023-08-08,Nigeria
C0681,Esther,Khan,user681@gmail.com,,25-11-2023,NG
C0682,Esther,Khan,user682@gmail.com,07012345678,03-09-2023,NG
C0683,Esther,,user683@gmail.com,8123456789,2023-02-25,Nigeria
C0684,David,,user684@gmail.com,8123456789,11-04-2023,Nigeria
C0685,Mary,Smith,user685@gmail.com,,2023/01/16,NG
C0686,Grace,Smith,user686@gmail.com,8123456789,04-10-2023,Nigeria
C0687,Esther,Williams,user687@gmail.com,8123456789,2023-05-29,NG
C0688,Mary,Williams,user688@gmail.com,08031234567,2023-12-06,Nigeria
C0689,Ahmed,Williams,user689@gmail,8123456789,2023/10/17,Nigeria
C0690,,Ola,user690@gmail,0803-123-4567,2023-04-29,NG
C0691,Esther,Khan,user691@gmail,08123456789,23-09-2023,NG
C0692,,Williams,user692@gmail.com,08031234567,29-11-2023,Nigeria
C0693,David,,user693@gmail.com,8123456789,2023/10/06,Nigeria
C0694,,,user694@gmail.com,8123456789,2023-12-01,NG
C0695,,Khan,user695@gmail.com,07012345678,26-06-2023,NG
C0696,John,Ali,user696@gmail.com,0803-123-4567,2023-03-26,Nigeria
C0697,David,Khan,user697@gmail,08123456789,2023/07/05,Nigeria
C0698,Grace,Williams,user698@gmail.com,,28-02-2023,NG
C0699,,Khan,user699@gmail.com,,2023-07-30,Nigeria
C0700,John,Khan,user700@gmail.com,08123456789,2023/03/10,Nigeria
C0701,Ahmed,Smith,user701@gmail,08123456789,22-09-2023,Nigeria
C0702,David,Smith,user702@gmail.com,8123456789,30-08-2023,Nigeria
C0703,Grace,,user703@gmail.com,08123456789,2023-10-26,NG
C0704,Ahmed,,user704@gmail.com,0803-123-4567,2023/11/02,Nigeria
C0705,Grace,Williams,user705@gmail.com,08031234567,2023-01-09,NG
C0706,Ahmed,Ali,user706@gmail,0803-123-4567,2023/11/11,Nigeria
C0707,Mary,Smith,user707@gmail.com,08123456789,2023/11/05,Nigeria
C0708,,Ali,user708@gmail.com,08031234567,2023/12/24,NG
C0709,Grace,,user709@gmail.com,0803-123-4567,2023/06/29,Nigeria
C0710,,Khan,user710@gmail.com,08123456789,12-02-2023,NG
C0711,David,Khan,user711@gmail,,2023/01/04,Nigeria
C0712,John,Williams,user712@gmail.com,,11-06-2023,NG
C0713,Mary,Khan,user713@gmail.com,8123456789,10-05-2023,NG
C0714,Esther,Ali,user714@gmail.com,,2023-07-23,NG
C0715,,Khan,user715@gmail.com,8123456789,05-09-2023,NG
C0716,Esther,,user716@gmail.com,,2023/03/12,Nigeria
C0717,Grace,Williams,user717@gmail.com,08123456789,2023-02-21,NG
C0718,Esther,,user718@gmail.com,,2023/12/17,Nigeria
C0719,Ahmed,Williams,user719@gmail.com,08031234567,2023-02-16,NG
C0720,,Smith,user720@gmail,08123456789,2023-07-09,Nigeria
C0721,,Williams,user721@gmail.com,8123456789,2023/05/27,Nigeria
C0722,Ahmed,,user722@gmail.com,08031234567,2023/04/14,NG
C0723,Grace,Smith,user723@gmail.com,8123456789,2023/09/22,Nigeria
C0724,Ahmed,,user724@gmail,08123456789,2023-12-02,Nigeria
C0725,Mary,Ola,user725@gmail.com,07012345678,09-12-2023,NG
C0726,Grace,Ali,user726@gmail,,2023-02-05,NG
C0727,Esther,Ola,user727@gmail.com,07012345678,2023/04/26,Nigeria
C0728,,Williams,user728@gmail.com,07012345678,31-03-2023,Nigeria
C0729,Mary,Ali,user729@gmail.com,08031234567,20-09-2023,NG
C0730,,Williams,user730@gmail.com,08123456789,23-06-2023,NG
C0731,John,Williams,user731@gmail,08031234567,2023/07/15,Nigeria
C0732,Grace,,user732@gmail.com,07012345678,2023/09/22,Nigeria
C0733,David,Khan,user733@gmail.com,0803-123-4567,2023/12/11,NG
C0734,Mary,Ali,user734@gmail.com,0803-123-4567,10-06-2023,Nigeria
C0735,David,Khan,user735@gmail.com,,08-04-2023,Nigeria
C0736,Grace,,user736@gmail.com,07012345678,2023-04-16,Nigeria
C0737,Grace,,user737@gmail.com,08123456789,2023-02-24,Nigeria
C0738,,Ali,user738@gmail,8123456789,22-01-2023,NG
C0739,Esther,Williams,user739@gmail.com,8123456789,21-05-2023,Nigeria
C0740,David,Williams,user740@gmail.com,8123456789,2023-03-07,NG
C0741,,Ali,user741@gmail,07012345678,2023/07/21,Nigeria
C0742,,Smith,user742@gmail.com,0803-123-4567,2023/06/11,Nigeria
C0743,John,,user743@gmail.com,8123456789,21-02-2023,NG
C0744,David,Khan,user744@gmail.com,08123456789,18-05-2023,NG
C0745,Esther,Khan,user745@gmail.com,08123456789,2023/08/03,NG
C0746,Esther,,user746@gmail.com,0803-123-4567,2023/04/03,Nigeria
C0747,Grace,,user747@gmail,07012345678,2023/05/01,NG
C0748,,Khan,user748@gmail,,18-03-2023,Nigeria
C0749,Ahmed,Williams,user749@gmail.com,,2023/09/22,NG
C0750,,Ola,user750@gmail.com,8123456789,25-01-2023,Nigeria
C0751,Ahmed,Smith,user751@gmail.com,07012345678,2023/09/01,Nigeria
C0752,,,user752@gmail.com,07012345678,2023/07/04,NG
C0753,Esther,Smith,user753@gmail.com,07012345678,2023/12/14,Nigeria
C0754,Ahmed,,user754@gmail.com,07012345678,2023/12/11,NG
C0755,,Smith,user755@gmail.com,07012345678,2023/08/26,Nigeria
C0756,Ahmed,,user756@gmail.com,07012345678,2023/08/04,NG
C0757,Mary,Smith,user757@gmail,08123456789,10-06-2023,NG
C0758,David,Ali,user758@gmail.com,07012345678,16-08-2023,NG
C0759,,Khan,user759@gmail,08031234567,2023/03/06,Nigeria
C0760,David,,user760@gmail.com,08031234567,2023-04-18,NG
C0761,Mary,Smith,user761@gmail,0803-123-4567,2023-10-08,Nigeria
C0762,,Ali,user762@gmail.com,08031234567,23-02-2023,Nigeria
C0763,Mary,,user763@gmail.com,0803-123-4567,2023-06-08,Nigeria
C0764,David,Williams,user764@gmail.com,08123456789,2023-09-27,Nigeria
C0765,John,,user765@gmail.com,07012345678,01-09-2023,NG
C0766,,Khan,user766@gmail.com,,2023-10-04,NG
C0767,,Ali,user767@gmail.com,8123456789,08-06-2023,NG
C0768,Grace,,user768@gmail,07012345678,07-07-2023,NG
C0769,Ahmed,Ola,user769@gmail,8123456789,11-03-2023,NG
C0770,,Ali,user770@gmail,0803-123-4567,02-09-2023,Nigeria
C0771,,,user771@gmail.com,08123456789,2023/01/04,NG
C0772,Grace,Williams,user772@gmail.com,0803-123-4567,2023-07-22,Nigeria
C0773,,,user773@gmail.com,07012345678,10-02-2023,Nigeria
C0774,David,Ola,user774@gmail.com,8123456789,18-05-2023,Nigeria
C0775,Mary,Khan,user775@gmail,08031234567,23-11-2023,NG
C0776,David,,user776@gmail.com,08123456789,2023-06-14,Nigeria
C0777,John,Ali,user777@gmail,08031234567,25-05-2023,Nigeria
C0778,,,user778@gmail,08031234567,2023-03-19,NG
C0779,Grace,Ola,user779@gmail.com,0803-123-4567,10-07-2023,Nigeria
C0780,Esther,Smith,user780@gmail.com,08123456789,29-01-2023,NG
C0781,Mary,Ali,user781@gmail.com,08123456789,09-05-2023,Nigeria
C0782,Mary,,user782@gmail.com,0803-123-4567,2023-08-15,Nigeria
C0783,Grace,Williams,user783@gmail.com,08031234567,2023/09/24,Nigeria
C0784,,Williams,user784@gmail.com,07012345678,2023-06-15,Nigeria
C0785,Mary,Ola,user785@gmail.com,07012345678,12-04-2023,Nigeria
C0786,Grace,Smith,user786@gmail.com,0803-123-4567,2023-06-16,Nigeria
C0787,David,Ali,user787@gmail,08123456789,2023-01-05,NG
C0788,Ahmed,Ola,user788@gmail.com,08123456789,22-03-2023,Nigeria
C0789,Esther,,user789@gmail.com,08031234567,2023/07/02,Nigeria
C0790,Mary,Khan,user790@gmail.com,07012345678,2023/10/13,NG
C0791,,,user791@gmail,,13-07-2023,Nigeria
C0792,David,Smith,user792@gmail.com,0803-123-4567,14-10-2023,NG
C0793,Grace,Ali,user793@gmail,07012345678,2023/06/15,NG
C0794,David,,user794@gmail.com,8123456789,2023-03-24,Nigeria
C0795,,Ola,user795@gmail.com,8123456789,07-07-2023,Nigeria
C0796,,,user796@gmail,08031234567,14-11-2023,Nigeria
C0797,Esther,,user797@gmail,8123456789,2023-07-18,NG
C0798,Ahmed,Ali,user798@gmail.com,0803-123-4567,25-11-2023,Nigeria
C0799,Mary,Ali,user799@gmail.com,08031234567,2023-03-08,Nigeria
C0800,Grace,Smith,user800@gmail.com,08031234567,2023/01/17,NG
C0801,,Ali,user801@gmail.com,8123456789,2023-05-12,NG
C0802,Grace,Ali,user802@gmail.com,08031234567,2023/04/17,NG
C0803,Mary,Williams,user803@gmail.com,08031234567,2023/07/04,NG
C0804,Esther,,user804@gmail.com,8123456789,2023/05/17,Nigeria
C0805,Mary,,user805@gmail.com,08123456789,2023-09-23,Nigeria
C0806,Grace,Ali,user806@gmail.com,08123456789,2023/09/27,Nigeria
C0807,Ahmed,Ali,user807@gmail.com,0803-123-4567,2023/02/24,NG
C0808,,,user808@gmail.com,08031234567,2023-03-27,NG
C0809,Esther,,user809@gmail,8123456789,15-08-2023,NG
C0810,Esther,,user810@gmail.com,,2023/08/09,NG
C0811,Grace,Ali,user811@gmail.com,0803-123-4567,2023/10/09,NG
C0812,Esther,Williams,user812@gmail.com,0803-123-4567,2023/01/01,Nigeria
C0813,David,Ali,user813@gmail,08123456789,2023-06-04,NG
C0814,Grace,Khan,user814@gmail.com,08031234567,20-12-2023,Nigeria
C0815,Mary,Smith,user815@gmail.com,08123456789,12-03-2023,NG
C0816,Grace,Khan,user816@gmail.com,07012345678,2023/02/17,NG
C0817,Grace,,user817@gmail,07012345678,2023-09-05,NG
C0818,Mary,Ali,user818@gmail.com,08031234567,23-10-2023,Nigeria
C0819,John,,user819@gmail.com,0803-123-4567,2023-08-02,Nigeria
C0820,John,,user820@gmail.com,0803-123-4567,28-01-2023,Nigeria
C0821,Esther,Ali,user821@gmail.com,07012345678,2023/09/15,Nigeria
C0822,Ahmed,Smith,user822@gmail.com,0803-123-4567,2023/08/17,Nigeria
C0823,Grace,Williams,user823@gmail.com,0803-123-4567,2023-03-17,NG
C0824,Mary,Williams,user824@gmail.com,08031234567,08-10-2023,NG
C0825,Mary,Williams,user825@gmail.com,,2023-03-08,NG
C0826,Grace,Williams,user826@gmail.com,8123456789,2023/04/11,Nigeria
C0827,Grace,Smith,user827@gmail.com,0803-123-4567,2023/06/15,Nigeria
C0828,Mary,,user828@gmail.com,07012345678,2023-06-28,NG
C0829,Esther,Ali,user829@gmail.com,07012345678,28-03-2023,NG
C0830,Ahmed,Williams,user830@gmail,08123456789,2023/04/13,NG
C0831,Ahmed,,user831@gmail.com,08031234567,2023/02/27,Nigeria
C0832,Grace,Ali,user832@gmail.com,07012345678,08-01-2023,Nigeria
C0833,David,Williams,user833@gmail.com,07012345678,2023/04/18,Nigeria
C0834,Grace,Ali,user834@gmail.com,07012345678,08-10-2023,Nigeria
C0835,John,Williams,user835@gmail.com,,2023-09-27,NG
C0836,Ahmed,Smith,user836@gmail.com,,13-11-2023,Nigeria
C0837,,,user837@gmail.com,08031234567,2023/07/18,NG
C0838,Esther,,user838@gmail,07012345678,29-11-2023,Nigeria
C0839,,Ali,user839@gmail.com,08031234567,11-06-2023,Nigeria
C0840,Ahmed,Khan,user840@gmail.com,0803-123-4567,2023/10/15,Nigeria
C0841,John,Khan,user841@gmail.com,07012345678,20-06-2023,NG
C0842,Ahmed,Smith,user842@gmail.com,07012345678,2023/07/01,NG
C0843,Grace,Ali,user843@gmail.com,08031234567,17-11-2023,NG
C0844,John,Ali,user844@gmail.com,08123456789,19-03-2023,NG
C0845,Ahmed,Smith,user845@gmail.com,8123456789,2023/12/14,Nigeria
C0846,,Khan,user846@gmail.com,0803-123-4567,2023/06/09,NG
C0847,,Ali,user847@gmail,,2023/03/12,Nigeria
C0848,Ahmed,Ola,user848@gmail.com,8123456789,11-03-2023,Nigeria
C0849,Ahmed,Ola,user849@gmail,8123456789,2023-03-02,NG
C0850,Ahmed,,user850@gmail,07012345678,31-07-2023,NG
C0851,,,user851@gmail.com,,2023-05-21,Nigeria
C0852,Mary,Khan,user852@gmail,8123456789,12-11-2023,Nigeria
C0853,Grace,Khan,user853@gmail.com,07012345678,2023/02/10,NG
C0854,Ahmed,Ali,user854@gmail.com,0803-123-4567,2023/12/31,NG
C0855,Ahmed,,user855@gmail.com,0803-123-4567,2023-03-12,Nigeria
C0856,Grace,Smith,user856@gmail.com,08031234567,19-05-2023,Nigeria
C0857,Grace,,user857@gmail.com,08123456789,2023/08/13,NG
C0858,Esther,,user858@gmail.com,08123456789,07-08-2023,Nigeria
C0859,,,user859@gmail.com,8123456789,2023/10/20,Nigeria
C0860,Mary,Williams,user860@gmail.com,08031234567,2023/05/06,NG
C0861,John,Ali,user861@gmail.com,,2023-01-26,NG
C0862,,Williams,user862@gmail.com,07012345678,2023-08-25,NG
C0863,David,Ali,user863@gmail.com,,2023-09-22,NG
C0864,,Smith,user864@gmail.com,08031234567,2023/04/03,Nigeria
C0865,,Williams,user865@gmail.com,08031234567,02-04-2023,Nigeria
C0866,,Smith,user866@gmail.com,,2023/11/29,Nigeria
C0867,Mary,Smith,user867@gmail,0803-123-4567,21-11-2023,Nigeria
C0868,,,user868@gmail.com,8123456789,2023-11-10,NG
C0869,,Smith,user869@gmail.com,07012345678,2023/10/17,Nigeria
C0870,Ahmed,,user870@gmail,,27-01-2023,NG
C0871,David,,user871@gmail.com,0803-123-4567,2023/05/28,Nigeria
C0872,Mary,Khan,user872@gmail.com,08031234567,15-11-2023,Nigeria
C0873,,Williams,user873@gmail.com,8123456789,2023/01/03,NG
C0874,Grace,Khan,user874@gmail.com,0803-123-4567,21-08-2023,NG
C0875,Mary,Ali,user875@gmail.com,08123456789,08-10-2023,Nigeria
C0876,John,Khan,user876@gmail,,2023-06-28,Nigeria
C0877,John,,user877@gmail.com,8123456789,02-06-2023,Nigeria
C0878,John,Smith,user878@gmail.com,08123456789,2023/03/24,NG
C0879,Ahmed,Williams,user879@gmail.com,07012345678,2023-01-19,NG
C0880,Esther,Ola,user880@gmail.com,08031234567,2023/08/07,Nigeria
C0881,David,Williams,user881@gmail,,21-05-2023,NG
C0882,Grace,,user882@gmail.com,08031234567,2023/02/25,Nigeria
C0883,,,user883@gmail.com,,28-05-2023,NG
C0884,David,Ali,user884@gmail.com,8123456789,2023-07-01,NG
C0885,,Williams,user885@gmail.com,8123456789,2023/04/30,NG
C0886,Grace,Smith,user886@gmail,0803-123-4567,2023-11-17,Nigeria
C0887,,Williams,user887@gmail,07012345678,2023/10/14,Nigeria
C0888,John,,user888@gmail.com,07012345678,2023-05-11,NG
C0889,David,Ali,user889@gmail.com,08031234567,2023/02/28,NG
C0890,Esther,Williams,user890@gmail.com,8123456789,2023-01-15,Nigeria
C0891,Esther,,user891@gmail.com,,03-09-2023,Nigeria
C0892,Ahmed,Williams,user892@gmail,0803-123-4567,02-10-2023,NG
C0893,,,user893@gmail,8123456789,2023/06/03,NG
C0894,John,Khan,user894@gmail.com,07012345678,2023-07-01,Nigeria
C0895,David,,user895@gmail,0803-123-4567,2023/11/17,Nigeria
C0896,,Khan,user896@gmail.com,07012345678,28-12-2023,Nigeria
C0897,David,Williams,user897@gmail,08123456789,10-07-2023,NG
C0898,Grace,Ali,user898@gmail.com,08031234567,2023-07-11,Nigeria
C0899,Mary,Williams,user899@gmail.com,0803-123-4567,2023-09-14,Nigeria
C0900,Esther,Williams,user900@gmail.com,8123456789,08-06-2023,Nigeria
C0901,Mary,,user901@gmail.com,8123456789,2023-12-13,Nigeria
C0902,John,Williams,user902@gmail.com,8123456789,2023-03-01,NG
C0903,John,,user903@gmail.com,08031234567,20-06-2023,Nigeria
C0904,Mary,Ali,user904@gmail.com,,2023-06-09,NG
C0905,Grace,Ola,user905@gmail.com,07012345678,2023/05/22,NG
C0906,,,user906@gmail,08123456789,22-03-2023,Nigeria
C0907,John,Ali,user907@gmail.com,08031234567,2023/04/16,NG
C0908,Esther,Ola,user908@gmail,,2023/05/26,Nigeria
C0909,Ahmed,Smith,user909@gmail.com,07012345678,04-10-2023,Nigeria
C0910,Ahmed,Smith,user910@gmail.com,,2023-01-26,NG
C0911,John,Smith,user911@gmail.com,08123456789,2023/12/27,NG
C0912,Esther,Ola,user912@gmail.com,08123456789,2023/12/10,Nigeria
C0913,,Ali,user913@gmail,,2023-08-28,NG
C0914,David,,user914@gmail.com,0803-123-4567,2023-08-29,Nigeria
C0915,Ahmed,,user915@gmail.com,07012345678,06-07-2023,Nigeria
C0916,Esther,,user916@gmail.com,07012345678,21-08-2023,Nigeria
C0917,Mary,Williams,user917@gmail,0803-123-4567,2023-08-25,NG
C0918,Esther,Ali,user918@gmail.com,8123456789,22-02-2023,Nigeria
C0919,Esther,Ali,user919@gmail.com,07012345678,30-09-2023,NG
C0920,,Khan,user920@gmail.com,8123456789,23-03-2023,NG
C0921,Mary,Ola,user921@gmail.com,,30-10-2023,NG
C0922,Esther,Ali,user922@gmail.com,08123456789,2023/12/06,Nigeria
C0923,,Smith,user923@gmail.com,0803-123-4567,2023/06/16,Nigeria
C0924,,Khan,user924@gmail.com,0803-123-4567,2023/02/05,Nigeria
C0925,,Ola,user925@gmail.com,,2023-02-01,Nigeria
C0926,Ahmed,Ali,user926@gmail.com,,2023-01-01,Nigeria
C0927,,Ali,user927@gmail.com,8123456789,23-10-2023,Nigeria
C0928,Grace,,user928@gmail.com,07012345678,2023/10/19,NG
C0929,,,user929@gmail.com,07012345678,2023/02/15,Nigeria
C0930,,,user930@gmail,07012345678,01-02-2023,Nigeria
C0931,John,,user931@gmail.com,07012345678,26-02-2023,Nigeria
C0932,Grace,Williams,user932@gmail.com,0803-123-4567,17-11-2023,NG
C0933,,Williams,user933@gmail.com,08123456789,2023-12-06,NG
C0934,Ahmed,Khan,user934@gmail.com,07012345678,2023-08-02,NG
C0935,Ahmed,Khan,user935@gmail,,2023-01-09,NG
C0936,,Khan,user936@gmail,,01-08-2023,NG
C0937,Ahmed,Williams,user937@gmail.com,8123456789,19-08-2023,NG
C0938,Grace,Khan,user938@gmail.com,08031234567,23-10-2023,Nigeria
C0939,David,Williams,user939@gmail.com,8123456789,2023-07-07,Nigeria
C0940,,,user940@gmail.com,8123456789,2023/09/04,Nigeria
C0941,Ahmed,,user941@gmail.com,07012345678,2023/08/27,Nigeria
C0942,Mary,Khan,user942@gmail.com,,2023/12/06,Nigeria
C0943,David,Ali,user943@gmail,07012345678,2023-10-01,NG
C0944,,Ali,user944@gmail.com,8123456789,19-06-2023,NG
C0945,David,Ola,user945@gmail,,2023/11/02,NG
C0946,David,Smith,user946@gmail.com,8123456789,2023/03/28,Nigeria
C0947,David,,user947@gmail.com,08031234567,27-05-2023,Nigeria
C0948,Ahmed,Ali,user948@gmail,07012345678,2023-05-10,NG
C0949,David,,user949@gmail.com,,2023/02/27,Nigeria
C0950,Ahmed,,user950@gmail.com,08123456789,2023/05/14,Nigeria
C0951,,Khan,user951@gmail.com,08031234567,2023-06-25,Nigeria
C0952,Ahmed,,user952@gmail.com,0803-123-4567,2023-07-16,NG
C0953,Ahmed,Khan,user953@gmail.com,07012345678,2023/01/28,NG
C0954,Mary,Smith,user954@gmail,0803-123-4567,01-09-2023,NG
C0955,Grace,Williams,user955@gmail.com,0803-123-4567,31-08-2023,Nigeria
C0956,,Smith,user956@gmail.com,0803-123-4567,2023/07/15,NG
C0957,John,Smith,user957@gmail.com,,01-07-2023,NG
C0958,Esther,Ola,user958@gmail.com,08031234567,2023/05/11,NG
C0959,,,user959@gmail.com,08123456789,2023/12/11,Nigeria
C0960,Esther,,user960@gmail.com,08123456789,2023/06/10,Nigeria
C0961,John,,user961@gmail,0803-123-4567,2023/02/20,Nigeria
C0962,,Ola,user962@gmail.com,07012345678,2023-05-09,Nigeria
C0963,John,Ali,user963@gmail,8123456789,2023-12-03,Nigeria
C0964,Mary,Smith,user964@gmail.com,08123456789,2023/07/12,Nigeria
C0965,Mary,,user965@gmail,07012345678,2023/08/28,Nigeria
C0966,,Ola,user966@gmail.com,,08-12-2023,NG
C0967,Ahmed,,user967@gmail,08031234567,15-07-2023,NG
C0968,John,Ola,user968@gmail.com,07012345678,02-04-2023,Nigeria
C0969,,Khan,user969@gmail.com,08123456789,27-11-2023,Nigeria
C0970,Ahmed,Ali,user970@gmail.com,08123456789,2023/11/11,Nigeria
C0971,,,user971@gmail.com,08031234567,2023-02-07,NG
C0972,,Smith,user972@gmail.com,08123456789,2023/12/01,Nigeria
C0973,John,,user973@gmail.com,08123456789,25-12-2023,NG
C0974,John,Ali,user974@gmail.com,0803-123-4567,02-09-2023,NG
C0975,Mary,Ali,user975@gmail.com,0803-123-4567,19-12-2023,Nigeria
C0976,Esther,Ola,user976@gmail.com,0803-123-4567,2023/01/29,Nigeria
C0977,Esther,Ali,user977@gmail.com,07012345678,11-02-2023,NG
C0978,Grace,Khan,user978@gmail.com,0803-123-4567,2023-12-05,NG
C0979,,Smith,user979@gmail.com,07012345678,2023-09-07,NG
C0980,Grace,Khan,user980@gmail,08031234567,2023-10-31,NG
C0981,,Smith,user981@gmail.com,,07-06-2023,NG
C0982,John,Smith,user982@gmail.com,07012345678,22-01-2023,Nigeria
C0983,Grace,,user983@gmail.com,8123456789,2023/08/23,Nigeria
C0984,Grace,Smith,user984@gmail,08123456789,2023/09/08,Nigeria
C0985,,Ali,user985@gmail,,2023-11-29,Nigeria
C0986,Ahmed,,user986@gmail,07012345678,19-02-2023,Nigeria
C0987,Mary,,user987@gmail.com,08031234567,2023/09/12,Nigeria
C0988,Mary,,user988@gmail.com,07012345678,14-12-2023,NG
C0989,Mary,,user989@gmail.com,08123456789,2023-06-14,Nigeria
C0990,Ahmed,Ola,user990@gmail,07012345678,14-03-2023,Nigeria
C0991,Esther,Ali,user991@gmail,08123456789,2023-10-25,Nigeria
C0992,Mary,,user992@gmail.com,8123456789,2023-07-12,Nigeria
C0993,,Smith,user993@gmail,08123456789,2023/02/15,NG
C0994,,,user994@gmail.com,0803-123-4567,2023-12-21,Nigeria
C0995,Ahmed,,user995@gmail.com,0803-123-4567,2023-07-30,Nigeria
C0996,John,Ali,user996@gmail,0803-123-4567,2023-11-10,NG
C0997,Esther,Williams,user997@gmail,08123456789,2023-04-09,Nigeria
C0998,Esther,,user998@gmail.com,8123456789,2023-09-17,NG
C0999,Grace,Ola,user999@gmail,08031234567,2023/03/18,NG
C1000,,Khan,user1000@gmail,08031234567,2023/01/28,NG
C1001,David,Khan,user1001@gmail.com,07012345678,12-11-2023,Nigeria
C1002,Mary,,user1002@gmail,8123456789,2023-04-01,Nigeria
C1003,,Ali,user1003@gmail,08123456789,2023/08/16,NG
C1004,,Khan,user1004@gmail.com,07012345678,2023-04-28,NG
C1005,Grace,Smith,user1005@gmail.com,0803-123-4567,13-04-2023,Nigeria
C1006,Mary,Williams,user1006@gmail.com,08031234567,2023-08-12,Nigeria
C1007,,Khan,user1007@gmail.com,08123456789,2023/08/23,Nigeria
C1008,Esther,Ola,user1008@gmail.com,08123456789,2023/01/17,Nigeria
C1009,David,Khan,user1009@gmail,0803-123-4567,23-08-2023,Nigeria
C1010,Esther,Khan,user1010@gmail.com,8123456789,2023/03/22,Nigeria
C1011,Grace,Smith,user1011@gmail.com,8123456789,2023-09-08,NG
C1012,,Ola,user1012@gmail,0803-123-4567,2023-05-07,NG
C1013,,Ali,user1013@gmail.com,8123456789,2023/03/18,Nigeria
C1014,,Smith,user1014@gmail,0803-123-4567,2023-09-16,NG
C1015,,Williams,user1015@gmail.com,,20-02-2023,NG
C1016,Grace,Smith,user1016@gmail.com,08031234567,2023/12/21,NG
C1017,Grace,Khan,user1017@gmail.com,08123456789,2023-11-28,Nigeria
C1018,,,user1018@gmail.com,,2023/08/24,Nigeria
C1019,,Williams,user1019@gmail.com,,2023-07-27,NG
C1020,,,user1020@gmail.com,,06-02-2023,NG
C1021,John,Ola,user1021@gmail.com,07012345678,2023/12/24,Nigeria
C1022,Mary,Ali,user1022@gmail.com,,2023/01/29,NG
C1023,John,Smith,user1023@gmail.com,0803-123-4567,2023-11-13,NG
C1024,Esther,Khan,user1024@gmail.com,,2023/02/04,Nigeria
C1025,Ahmed,Ola,user1025@gmail.com,08031234567,29-11-2023,Nigeria
C1026,Grace,Ola,user1026@gmail.com,07012345678,2023/09/15,NG
C1027,David,Smith,user1027@gmail,07012345678,20-08-2023,Nigeria
C1028,,,user1028@gmail.com,8123456789,30-05-2023,NG
C1029,Mary,Khan,user1029@gmail.com,0803-123-4567,2023-02-14,NG
C1030,Ahmed,Ola,user1030@gmail.com,08031234567,2023-02-25,NG
C1031,Mary,,user1031@gmail,08123456789,2023/04/15,Nigeria
C1032,David,Williams,user1032@gmail.com,8123456789,09-03-2023,NG
C1033,,Williams,user1033@gmail.com,08031234567,2023-05-30,Nigeria
C1034,John,,user1034@gmail.com,8123456789,27-11-2023,NG
C1035,Esther,,user1035@gmail.com,07012345678,2023/09/06,NG
C1036,,Ola,user1036@gmail.com,07012345678,29-03-2023,Nigeria
C1037,,Ola,user1037@gmail.com,08031234567,17-03-2023,NG
C1038,,Khan,user1038@gmail.com,08123456789,2023/12/31,NG
C1039,Ahmed,Khan,user1039@gmail.com,,2023-12-08,Nigeria
C1040,Grace,Smith,user1040@gmail,07012345678,2023-10-22,NG
C1041,David,Ola,user1041@gmail,8123456789,2023-12-29,NG
C1042,Esther,Khan,user1042@gmail.com,8123456789,2023/03/25,NG
C1043,Mary,Smith,user1043@gmail.com,0803-123-4567,16-03-2023,NG
C1044,Ahmed,Smith,user1044@gmail.com,8123456789,17-09-2023,NG
C1045,,Ola,user1045@gmail.com,8123456789,2023-12-08,NG
C1046,Esther,,user1046@gmail,0803-123-4567,2023-01-21,Nigeria
C1047,David,Smith,user1047@gmail.com,08123456789,17-08-2023,Nigeria
C1048,Esther,Smith,user1048@gmail.com,08123456789,2023/10/26,Nigeria
C1049,David,Khan,user1049@gmail,8123456789,2023/08/17,Nigeria
C1050,,Khan,user1050@gmail.com,8123456789,2023/11/06,Nigeria
C1051,Esther,Williams,user1051@gmail,0803-123-4567,09-07-2023,NG
C1052,John,Ola,user1052@gmail.com,07012345678,2023/08/17,Nigeria
C1053,Grace,,user1053@gmail.com,,01-08-2023,NG
C1054,Ahmed,,user1054@gmail.com,0803-123-4567,2023-08-01,Nigeria
C1055,Ahmed,Khan,user1055@gmail.com,8123456789,2023-06-21,NG
C1056,Mary,Smith,user1056@gmail.com,07012345678,2023-08-01,NG
C1057,Ahmed,Khan,user1057@gmail,0803-123-4567,2023/05/29,NG
C1058,John,,user1058@gmail.com,8123456789,05-06-2023,NG
C1059,Grace,Smith,user1059@gmail.com,08123456789,15-05-2023,NG
C1060,Mary,,user1060@gmail.com,07012345678,2023-08-02,NG
C1061,Grace,Smith,user1061@gmail,07012345678,2023-09-10,NG
C1062,,Ali,user1062@gmail.com,07012345678,2023/11/18,NG
C1063,Mary,Ola,user1063@gmail.com,8123456789,09-01-2023,Nigeria
C1064,John,Khan,user1064@gmail.com,,11-03-2023,Nigeria
C1065,John,Ola,user1065@gmail.com,,2023-07-02,NG
C1066,David,Ali,user1066@gmail.com,08031234567,2023-09-21,Nigeria
C1067,Mary,Ali,user1067@gmail.com,8123456789,15-06-2023,NG
C1068,David,,user1068@gmail.com,07012345678,2023/02/19,NG
C1069,Ahmed,Smith,user1069@gmail,07012345678,10-07-2023,NG
C1070,Esther,Khan,user1070@gmail,08123456789,2023-09-15,Nigeria
C1071,Mary,Williams,user1071@gmail.com,08031234567,2023-03-01,Nigeria
C1072,,Ola,user1072@gmail.com,07012345678,13-03-2023,NG
C1073,Ahmed,,user1073@gmail.com,,2023-03-02,Nigeria
C1074,Ahmed,,user1074@gmail.com,08123456789,2023-04-18,Nigeria
C1075,,,user1075@gmail.com,08031234567,2023-02-09,NG
C1076,,Smith,user1076@gmail,08031234567,2023/12/04,Nigeria
C1077,,Smith,user1077@gmail.com,08031234567,03-02-2023,Nigeria
C1078,Mary,,user1078@gmail,8123456789,2023/04/16,Nigeria
C1079,Ahmed,,user1079@gmail.com,08031234567,2023/03/16,NG
C1080,Esther,Ola,user1080@gmail,8123456789,2023-11-10,Nigeria
C1081,Mary,,user1081@gmail.com,08031234567,2023-09-28,Nigeria
C1082,David,Khan,user1082@gmail.com,8123456789,2023/01/03,Nigeria
C1083,Grace,Ali,user1083@gmail.com,0803-123-4567,2023/07/07,Nigeria
C1084,,,user1084@gmail.com,08123456789,01-07-2023,NG
C1085,Grace,Ali,user1085@gmail.com,08031234567,2023-06-10,NG
C1086,Mary,Ali,user1086@gmail,07012345678,27-12-2023,Nigeria
C1087,Mary,Ola,user1087@gmail.com,0803-123-4567,26-05-2023,NG
C1088,,Khan,user1088@gmail.com,07012345678,2023-08-08,Nigeria
C1089,,,user1089@gmail.com,08031234567,12-12-2023,Nigeria
C1090,,Williams,user1090@gmail.com,,2023-02-13,Nigeria
C1091,,Williams,user1091@gmail.com,08031234567,2023-03-28,NG
C1092,Grace,Ola,user1092@gmail.com,0803-123-4567,2023-03-04,NG
C1093,,Ola,user1093@gmail.com,8123456789,31-10-2023,NG
C1094,Esther,Williams,user1094@gmail.com,0803-123-4567,2023/09/06,NG
C1095,Ahmed,,user1095@gmail.com,08031234567,09-05-2023,NG
C1096,Grace,,user1096@gmail.com,08031234567,2023/02/20,Nigeria
C1097,Mary,Williams,user1097@gmail.com,08123456789,2023/07/15,NG
C1098,Ahmed,Ola,user1098@gmail.com,08031234567,2023/02/09,NG
C1099,,Khan,user1099@gmail.com,0803-123-4567,2023/09/09,NG
C1100,Esther,,user1100@gmail.com,8123456789,2023-01-10,NG
C1101,Mary,Williams,user1101@gmail.com,0803-123-4567,15-08-2023,Nigeria
C1102,John,Khan,user1102@gmail.com,07012345678,2023-12-28,NG
C1103,,Khan,user1103@gmail.com,0803-123-4567,2023-09-07,NG
C1104,,Williams,user1104@gmail.com,08123456789,2023-09-17,NG
C1105,David,Williams,user1105@gmail.com,0803-123-4567,2023/11/12,NG
C1106,David,Ola,user1106@gmail,8123456789,2023-01-24,NG
C1107,Esther,,user1107@gmail.com,08031234567,17-11-2023,NG
C1108,Mary,Williams,user1108@gmail.com,07012345678,30-07-2023,Nigeria
C1109,Grace,Khan,user1109@gmail.com,07012345678,2023-10-31,Nigeria
C1110,David,Smith,user1110@gmail.com,08031234567,03-10-2023,Nigeria
C1111,,,user1111@gmail.com,8123456789,21-09-2023,NG
C1112,John,,user1112@gmail.com,08031234567,12-06-2023,NG
C1113,Esther,Ali,user1113@gmail,0803-123-4567,2023/02/21,Nigeria
C1114,Esther,Williams,user1114@gmail.com,,2023-06-23,NG
C1115,Esther,Williams,user1115@gmail.com,,2023/02/08,Nigeria
C1116,David,Ola,user1116@gmail,8123456789,2023-07-25,Nigeria
C1117,Mary,Ali,user1117@gmail.com,08031234567,2023/10/18,NG
C1118,,Khan,user1118@gmail.com,08031234567,30-11-2023,NG
C1119,,,user1119@gmail.com,08123456789,01-08-2023,NG
C1120,,,user1120@gmail.com,08123456789,2023/01/10,Nigeria
C1121,,Khan,user1121@gmail.com,,28-08-2023,NG
C1122,John,Ali,user1122@gmail.com,0803-123-4567,2023-03-17,Nigeria
C1123,David,,user1123@gmail.com,07012345678,2023/02/02,Nigeria
C1124,,Ola,user1124@gmail.com,,24-03-2023,Nigeria
C1125,,Khan,user1125@gmail,08123456789,2023-01-15,NG
C1126,,Williams,user1126@gmail.com,0803-123-4567,2023/08/05,Nigeria
C1127,Grace,Khan,user1127@gmail.com,08031234567,13-05-2023,Nigeria
C1128,John,,user1128@gmail.com,08031234567,2023-01-29,NG
C1129,David,,user1129@gmail,0803-123-4567,2023/07/06,Nigeria
C1130,,,user1130@gmail.com,08123456789,2023-05-01,Nigeria
C1131,David,Williams,user1131@gmail.com,08123456789,2023-11-04,NG
C1132,Esther,,user1132@gmail.com,0803-123-4567,01-05-2023,Nigeria
C1133,Ahmed,Smith,user1133@gmail,07012345678,14-08-2023,NG
C1134,John,Williams,user1134@gmail.com,,27-02-2023,NG
C1135,,,user1135@gmail.com,07012345678,16-03-2023,NG
C1136,Esther,,user1136@gmail.com,,2023-11-07,Nigeria
C1137,Grace,Ola,user1137@gmail.com,07012345678,2023/11/24,NG
C1138,Mary,Ali,user1138@gmail.com,0803-123-4567,2023-07-18,NG
C1139,David,Ola,user1139@gmail,08123456789,2023-06-02,Nigeria
C1140,,,user1140@gmail.com,,2023-07-28,NG
C1141,Mary,,user1141@gmail.com,0803-123-4567,2023/08/30,NG
C1142,Esther,,user1142@gmail.com,08031234567,2023/03/24,NG
C1143,Mary,Ola,user1143@gmail.com,,2023/10/08,NG
C1144,,,user1144@gmail,08031234567,2023/11/25,Nigeria
C1145,,,user1145@gmail.com,08031234567,2023-07-25,NG
C1146,Esther,Ali,user1146@gmail,08123456789,2023/05/08,Nigeria
C1147,,,user1147@gmail.com,0803-123-4567,2023/09/02,Nigeria
C1148,David,Khan,user1148@gmail.com,07012345678,2023-05-25,Nigeria
C1149,,Ola,user1149@gmail,0803-123-4567,2023-10-20,Nigeria
C1150,John,Ali,user1150@gmail.com,,2023-04-28,NG
C1151,Grace,Ola,user1151@gmail.com,08123456789,26-01-2023,NG
C1152,David,Khan,user1152@gmail,07012345678,2023/03/29,Nigeria
C1153,John,,user1153@gmail.com,0803-123-4567,11-12-2023,Nigeria
C1154,Grace,,user1154@gmail.com,07012345678,2023/05/28,NG
C1155,,Khan,user1155@gmail.com,08123456789,2023-11-04,NG
C1156,Grace,Williams,user1156@gmail,08123456789,15-01-2023,NG
C1157,Grace,Ali,user1157@gmail.com,08123456789,2023/07/09,NG
C1158,Mary,Smith,user1158@gmail.com,07012345678,21-12-2023,Nigeria
C1159,,,user1159@gmail.com,8123456789,2023-05-12,Nigeria
C1160,John,Smith,user1160@gmail.com,08123456789,30-08-2023,Nigeria
C1161,John,Ola,user1161@gmail.com,0803-123-4567,04-06-2023,NG
C1162,Ahmed,Ali,user1162@gmail,08123456789,2023-05-14,NG
C1163,Esther,Williams,user1163@gmail,07012345678,2023/12/30,NG
C1164,Ahmed,Ola,user1164@gmail,08031234567,07-03-2023,NG
C1165,Esther,Williams,user1165@gmail.com,07012345678,10-11-2023,NG
C1166,,Khan,user1166@gmail.com,0803-123-4567,2023/03/19,NG
C1167,John,Khan,user1167@gmail,08123456789,2023-04-04,NG
C1168,David,Khan,user1168@gmail.com,0803-123-4567,01-03-2023,Nigeria
C1169,,Ola,user1169@gmail.com,8123456789,06-09-2023,NG
C1170,Mary,,user1170@gmail.com,08123456789,05-03-2023,Nigeria
C1171,Grace,,user1171@gmail.com,08123456789,18-09-2023,Nigeria
C1172,John,Ali,user1172@gmail.com,08123456789,2023-08-02,Nigeria
C1173,,,user1173@gmail,07012345678,14-01-2023,Nigeria
C1174,,Ola,user1174@gmail.com,08031234567,2023-06-15,Nigeria
C1175,Mary,Williams,user1175@gmail.com,,03-09-2023,NG
C1176,John,Ola,user1176@gmail.com,,15-11-2023,NG
C1177,Ahmed,Khan,user1177@gmail.com,,25-05-2023,Nigeria
C1178,Mary,Ali,user1178@gmail.com,0803-123-4567,17-02-2023,NG
C1179,Ahmed,Khan,user1179@gmail.com,0803-123-4567,2023-02-15,Nigeria
C1180,Ahmed,Williams,user1180@gmail.com,07012345678,2023/11/28,Nigeria
C1181,Mary,Ola,user1181@gmail.com,0803-123-4567,2023/06/08,Nigeria
C1182,Esther,,user1182@gmail,07012345678,2023-09-20,NG
C1183,,Williams,user1183@gmail.com,8123456789,04-11-2023,Nigeria
C1184,,,user1184@gmail.com,08123456789,2023/08/11,NG
C1185,Mary,Smith,user1185@gmail.com,0803-123-4567,2023-12-13,Nigeria
C1186,,Ali,user1186@gmail.com,8123456789,12-02-2023,NG
C1187,,Smith,user1187@gmail.com,0803-123-4567,2023-06-03,Nigeria
C1188,David,,user1188@gmail.com,0803-123-4567,2023/06/01,Nigeria
C1189,Mary,Smith,user1189@gmail.com,8123456789,06-08-2023,Nigeria
C1190,,,user1190@gmail.com,07012345678,01-07-2023,Nigeria
C1191,John,Smith,user1191@gmail.com,0803-123-4567,2023-04-02,NG
C1192,John,Smith,user1192@gmail.com,,02-06-2023,NG
C1193,,Ali,user1193@gmail.com,07012345678,2023-04-06,Nigeria
C1194,Mary,,user1194@gmail.com,07012345678,2023-12-11,NG
C1195,John,Smith,user1195@gmail.com,08031234567,2023/03/29,NG
C1196,,,user1196@gmail.com,,2023/11/05,NG
C1197,David,Ali,user1197@gmail.com,8123456789,2023/07/04,NG
C1198,David,Smith,user1198@gmail,08031234567,2023-04-08,Nigeria
C1199,Grace,,user1199@gmail,0803-123-4567,2023-11-29,Nigeria
